,FÄ°YAT,g_degisim,FON ADI
count,1248.0,1248.0,AAK
mean,26.340197799679515,-0.0065763031793646485,AAK
std,8.184505609303296,0.2570228602674602,AAK
min,4.1287910000000005,-9.078132557448416,AAK
25%,20.84307475,-0.0008004976104039653,AAK
50%,25.271664,0.000821999430627042,AAK
75%,32.495258,0.002476040807969656,AAK
max,42.274275,0.018860165833280103,AAK
count,1250.0,1250.0,AAL
mean,0.47076659039999985,0.0005077701472810996,AAL
std,0.09569826123391578,0.0003461617705256577,AAL
min,0.342933,3.4009690145668105e-05,AAL
25%,0.3827275,0.0002757467545276182,AAL
50%,0.4446635,0.0003842651588988441,AAL
75%,0.56931775,0.000625655964706856,AAL
max,0.6469229999999999,0.002784238898328425,AAL
count,1248.0,1248.0,AAV
mean,0.23618270673076922,0.0017509709701858782,AAV
std,0.9593899821574734,0.03093485025238245,AAV
min,0.013663,-0.09424768243403847,AAV
25%,0.02013675,-0.005542043355698998,AAV
50%,0.022537,0.0017679388713597608,AAV
75%,0.02644725,0.008555857279625271,AAV
max,4.93853,0.9896629985528824,AAV
count,1108.0,1108.0,ACC
mean,1.549256948555957,-inf,ACC
std,0.5363728038323337,,ACC
min,0.0,-inf,ACC
25%,1.13692375,-0.0028219964801006934,ACC
50%,1.2742395,0.0010923592246901406,ACC
75%,1.9848584999999999,0.005507578204759956,ACC
max,2.82788,1.0,ACC
count,1250.0,1250.0,ACD
mean,0.24675058160000035,0.0006622912596869457,ACD
std,0.053291482026010153,0.008162015037154328,ACD
min,0.17817,-0.05731617946421305,ACD
25%,0.2144815,-0.002626937954933462,ACD
50%,0.2324645,0.000910108657456083,ACD
75%,0.26431899999999997,0.005020929347273282,ACD
max,0.433702,0.03862290820992507,ACD
count,1250.0,1250.0,ACK
mean,0.03400735280000002,0.0006355266129128491,ACK
std,0.00859208100787981,0.010197969568601592,ACK
min,0.024107,-0.07479816591183984,ACK
25%,0.0281705,-0.003385872990046754,ACK
50%,0.030182,0.0009728803723335702,ACK
75%,0.03775975,0.005923682969769664,ACK
max,0.061492,0.04978419609652802,ACK
count,1250.0,1250.0,ADE
mean,0.14145384960000015,0.00046704449635303415,ADE
std,0.026593192163245922,0.0007582307795436734,ADE
min,0.106187,-0.004919050970974265,ADE
25%,0.11618049999999999,0.00020101598151443985,ADE
50%,0.13307950000000002,0.0004035188366113576,ADE
75%,0.16934075,0.0007132313274052983,ADE
max,0.190068,0.007194126033177025,ADE
count,1250.0,1250.0,ADP
mean,0.09743355919999998,-5.237268220399102e-05,ADP
std,0.014364830826342193,0.019656790298178052,ADP
min,0.067231,-0.11089855318907736,ADP
25%,0.08676125000000001,-0.009961005370517962,ADP
50%,0.09461,-0.00026136805055066695,ADP
75%,0.10826649999999999,0.011181402464231646,ADP
max,0.130655,0.08163653472681051,ADP
count,1248.0,1248.0,AED
mean,0.49706943910256424,-0.00021124170693199705,AED
std,2.1701797903618756,0.05606445026825885,AED
min,0.0054020000000000006,-1.6580692704495208,AED
25%,0.00766775,0.00016456692943166834,AED
50%,0.0182725,0.000372684092851168,AED
75%,0.01973325,0.0012456209651221903,AED
max,10.646702,0.9989877558489983,AED
count,1250.0,1250.0,AES
mean,0.011905766399999981,-inf,AES
std,0.0029514982022595553,,AES
min,0.0,-inf,AES
25%,0.0094345,-0.007522106904678819,AES
50%,0.011419499999999999,0.0006585907104715864,AES
75%,0.014384250000000001,0.00923669604633205,AES
max,0.020234,1.0,AES
count,1250.0,1250.0,AFA
mean,0.05441772720000002,0.0010576439434274094,AFA
std,0.02303114139844728,0.015556930752665668,AFA
min,0.023528,-0.12108664734369085,AFA
25%,0.0346335,-0.00547416667185509,AFA
50%,0.0535105,0.0014357454947316653,AFA
75%,0.06737499999999999,0.007600343956303228,AFA
max,0.109623,0.12830154310546732,AFA
count,1250.0,1250.0,AFO
mean,0.054207919999999965,0.0008177172916322394,AFO
std,0.023434388840818405,0.011823532763691726,AFO
min,0.027405,-0.07580436656133276,AFO
25%,0.03514875,-0.005087623541683139,AFO
50%,0.049103,0.0009377503533027449,AFO
75%,0.06381925,0.006310250478700655,AFO
max,0.118271,0.13079289940828398,AFO
count,1250.0,1250.0,AFS
mean,0.02328562640000002,0.001052436621031683,AFS
std,0.008369672219033808,0.014477249931027078,AFS
min,0.010309,-0.09256799272879833,AFS
25%,0.01658875,-0.005676740283661125,AFS
50%,0.023667,0.0012355151086652092,AFS
75%,0.027504249999999997,0.008227270658307681,AFS
max,0.046375,0.12197872534975154,AFS
count,1250.0,1250.0,AFT
mean,0.034335126400000034,0.0014880972371007942,AFT
std,0.020100310151362547,0.01658195942565408,AFT
min,0.011484,-0.11766114229469812,AFT
25%,0.018671,-0.005749109696322244,AFT
50%,0.030434000000000003,0.0018009496273513259,AFT
75%,0.040252500000000004,0.009767185736178552,AFT
max,0.089003,0.13578826237054076,AFT
count,1250.0,1250.0,AFV
mean,0.03567890959999998,0.0007926267644309809,AFV
std,0.011085867397104512,0.013502618135814645,AFV
min,0.017469,-0.1114559981606026,AFV
25%,0.026583000000000002,-0.00520082357576606,AFV
50%,0.035754,0.0013537221552737343,AFV
75%,0.0428925,0.007346581170636071,AFV
max,0.059693,0.13033034187212938,AFV
count,1250.0,1250.0,AHI
mean,1.2362486351999997,0.0006139834020612939,AHI
std,0.27157113173143205,0.012706112013251107,AHI
min,0.878657,-0.08949685767293362,AHI
25%,1.0552892500000002,-0.005338387645990952,AHI
50%,1.1777704999999998,0.001345247396606103,AHI
75%,1.30940525,0.007612021038872017,AHI
max,2.244726,0.06630798262775947,AHI
count,1250.0,1250.0,AIS
mean,0.0159877928,0.00044271794520940773,AIS
std,0.003014158891785251,0.0010846223410348414,AIS
min,0.01211,-0.020115086314736037,AIS
25%,0.013272750000000002,0.00010050139412350916,AIS
50%,0.014869,0.0003679739101407647,AIS
75%,0.01952025,0.0007435513819853073,AIS
max,0.02106,0.00731347289318302,AIS
count,1250.0,1250.0,AKE
mean,0.039599104799999986,0.0007745276826641297,AKE
std,0.012840590512838259,0.007713102536060742,AKE
min,0.022803,-0.05295452201711889,AKE
25%,0.029123500000000004,-0.0027951760508817696,AKE
50%,0.037632,0.0006425091861252,AKE
75%,0.04775675,0.004075040807882177,AKE
max,0.069,0.0664019100300215,AKE
count,1250.0,1250.0,AKU
mean,0.06398451680000009,0.0004303716123576546,AKU
std,0.010171382078027529,0.012987907600312943,AKU
min,0.044839,-0.07869148260767866,AKU
25%,0.05882925,-0.006162797789875469,AKU
50%,0.06499350000000001,0.000633635425920451,AKU
75%,0.06983199999999999,0.007996670965706349,AKU
max,0.092822,0.050237767799446484,AKU
count,1250.0,1250.0,AK2
mean,1.5218505415999992,-0.07869551524030251,AK2
std,4.424237491617994,2.7942146811700055,AK2
min,0.13816099999999998,-98.78986936010644,AK2
25%,0.1697865,-0.0016618849959943603,AK2
50%,0.17809049999999998,0.00025735842106740323,AK2
75%,0.2286265,0.002503147903778183,AK2
max,16.765519,0.04385849725556105,AK2
count,1250.0,1250.0,AK3
mean,1.9966749543999986,0.0006158308186850193,AK3
std,0.4158937378466555,0.01244313100577469,AK3
min,1.299276,-0.08245326817853912,AK3
25%,1.78057725,-0.005513131685288858,AK3
50%,1.9866039999999998,0.0012104410461867502,AK3
75%,2.20863225,0.007565523961294264,AK3
max,3.262025,0.05645964252818314,AK3
count,1250.0,1250.0,ALC
mean,0.018610143999999974,0.0006096106688272067,ALC
std,0.003469431607368353,0.013284366039583325,ALC
min,0.012944,-0.07529921212485714,ALC
25%,0.016522500000000002,-0.006366356394188164,ALC
50%,0.018533,0.0012887542896453273,ALC
75%,0.020160749999999998,0.007867812106067316,ALC
max,0.031529,0.05583422906962847,ALC
count,1250.0,1250.0,ALE
mean,0.7802731656000004,0.0013205192181511745,ALE
std,1.0497859790577626,0.02798961881221682,ALE
min,0.012529,-6.056834171789091e-05,ALE
25%,0.01411725,0.00028537558470535,ALE
50%,0.0166355,0.0003607216823961481,ALE
75%,2.14691,0.0006338379170730767,ALE
max,2.427312,0.9900064150583344,ALE
count,1250.0,1250.0,ANL
mean,4.684450468800004,0.0005337382642196705,ANL
std,1.0021464763741457,0.0004074284743158047,ANL
min,3.338808,-0.0005763531323837673,ANL
25%,3.7542385,0.0002759963814730626,ANL
50%,4.417084,0.0003638681855197678,ANL
75%,5.712887,0.0006352714678584635,ANL
max,6.5065940000000015,0.0038389845804260117,ANL
count,1250.0,1250.0,AN1
mean,5.949082872799994,-inf,AN1
std,1.2852930923413808,,AN1
min,0.0,-inf,AN1
25%,4.7215237499999985,-0.0011696353314662729,AN1
50%,5.678653000000001,0.0004649859229448462,AN1
75%,6.991232999999999,0.0026223421067996006,AN1
max,9.374016,1.0,AN1
count,1250.0,1250.0,AOY
mean,0.06411210479999992,0.000933349957374374,AOY
std,0.023548862487546684,0.013589505449352368,AOY
min,0.028895,-0.09382913092187058,AOY
25%,0.044549500000000006,-0.0045801269752162,AOY
50%,0.0641805,0.0013037889393338396,AOY
75%,0.0781135,0.006891984497666823,AOY
max,0.120574,0.1258116007679199,AOY
count,1250.0,1250.0,APT
mean,0.037456800799999926,0.0005065285292300573,APT
std,0.00793234220099929,0.0019253240751165978,APT
min,0.027285000000000004,-0.010427473199797926,APT
25%,0.030726,-0.00013904011188157036,APT
50%,0.0336205,0.00039563794132491754,APT
75%,0.046295249999999996,0.0010120595782385521,APT
max,0.051445000000000005,0.0221621953465529,APT
count,1250.0,1250.0,ARE
mean,0.03006526559999999,-inf,ARE
std,0.00847573063430433,,ARE
min,0.0,-inf,ARE
25%,0.023030250000000002,-0.0035643230644390924,ARE
50%,0.0300935,0.0006050702012570493,ARE
75%,0.036573,0.0047033364899071554,ARE
max,0.048205,1.0,ARE
count,1250.0,1250.0,ARL
mean,1.5031744896000006,0.0006561337384243068,ARL
std,0.3602001377069213,0.0023194587218258456,ARL
min,1.027594,-0.014546681889776997,ARL
25%,1.1988759999999998,-0.0004567125986798413,ARL
50%,1.4586925,0.000647121365945108,ARL
75%,1.7899475,0.0017619397900396389,ARL
max,2.333573,0.02047443545916713,ARL
count,1250.0,1250.0,ARM
mean,1.526591779999999,0.0007083119495374986,ARM
std,0.38655359873823036,0.002925759954389062,ARM
min,1.026371,-0.021401109753392596,ARM
25%,1.2052562500000001,-0.0005940037047448697,ARM
50%,1.4745940000000002,0.0006337489436782169,ARM
75%,1.8023444999999998,0.002080798141498371,ARM
max,2.492022,0.019012369069207214,ARM
count,1248.0,1248.0,AUT
mean,0.13102722435897443,0.001297016095465886,AUT
std,0.5086573801545728,0.028013332839733007,AUT
min,0.013057,-0.001531038322353242,AUT
25%,0.014692750000000001,0.00026719216689728795,AUT
50%,0.017063000000000002,0.0003739669373714784,AUT
75%,0.02196425,0.0006587739971815067,AUT
max,2.451645,0.990003086244796,AUT
count,1250.0,1250.0,AVT
mean,32.673941352799986,0.00048537601259675175,AVT
std,6.387396649230781,0.00040702777127464665,AVT
min,24.048739,-0.0013060522502147199,AVT
25%,26.7432505,0.00024268636353953603,AVT
50%,30.827403500000003,0.00032597567574127077,AVT
75%,39.406863,0.0006219451626182992,AVT
max,44.114621,0.0027353937791456226,AVT
count,1248.0,1248.0,AYA
mean,0.24322092067307674,0.0016108936480217185,AYA
std,0.5027581035192028,0.02855126878847895,AYA
min,0.081188,-0.0941589395555115,AYA
25%,0.11591975,-0.005308904181333294,AYA
50%,0.12956499999999999,0.0016607722209429792,AYA
75%,0.14908725,0.00848804218323153,AYA
max,2.685242,0.8972781847426577,AYA
count,1250.0,1250.0,AYR
mean,0.018408225600000022,0.000526507598663197,AYR
std,0.003858071990812725,0.0005073512107568362,AYR
min,0.013147999999999998,-0.003433476394849898,AYR
25%,0.01489325,0.00027973006972772046,AYR
50%,0.017381,0.000370393246853974,AYR
75%,0.022383999999999998,0.0006439096998383067,AYR
max,0.025392,0.0035506933448491507,AYR
count,1250.0,1250.0,DAH
mean,0.18995003439999972,0.0005808763347464414,DAH
std,0.03640026252176955,0.012883745078649351,DAH
min,0.12847999999999998,-0.07703745743473328,DAH
25%,0.16608375,-0.005687437516982674,DAH
50%,0.188477,0.001183183157487434,DAH
75%,0.21077125,0.007951668740069714,DAH
max,0.312098,0.052966738798445684,DAH
count,1250.0,1250.0,DBA
mean,0.02959379359999997,0.0008027811213945736,DBA
std,0.012612466728431023,0.01167757673371318,DBA
min,0.015166999999999996,-0.07278155581356781,DBA
25%,0.019304750000000002,-0.004890647710234481,DBA
50%,0.0268475,0.0008866732127680321,DBA
75%,0.0349275,0.006167144284070711,DBA
max,0.064202,0.13047666306663938,DBA
count,1250.0,1250.0,DBB
mean,0.021336776,0.00034392314539982694,DBB
std,0.0031358352729873194,0.003359222798136068,DBB
min,0.017419,-0.06952380952380947,DBB
25%,0.018868,-0.0004720830438312258,DBB
50%,0.019867000000000003,0.0003321025853679678,DBB
75%,0.025084250000000002,0.0012315448517640256,DBB
max,0.026908,0.023486970871550886,DBB
count,1250.0,1250.0,DBH
mean,0.02308082080000001,0.0008155088612835178,DBH
std,0.00766055887026862,0.008491877112361814,DBH
min,0.012869,-0.05754721192910391,DBH
25%,0.01713475,-0.002956676513994864,DBH
50%,0.021272,0.0006324138163435866,DBH
75%,0.028041250000000004,0.004522308249295446,DBH
max,0.041346,0.05776498110491274,DBH
count,1250.0,1250.0,DBK
mean,0.01707742880000001,0.00047936033175155577,DBK
std,0.0032807378290703195,0.00037921108428310985,DBK
min,0.01258,-0.0018315018315019586,DBK
25%,0.014017,0.00026528414385969896,DBK
50%,0.016265,0.0003433005236920945,DBK
75%,0.020450500000000003,0.0005778969514579763,DBK
max,0.022902,0.002745018300121925,DBK
count,1250.0,1250.0,DBP
mean,0.03217640959999996,0.0005426870063162701,DBP
std,0.00657928035409726,0.0014369371238476887,DBP
min,0.022652,-0.014172819352205837,DBP
25%,0.0265605,0.0,DBP
50%,0.030436500000000005,0.0004790538871146363,DBP
75%,0.03863825,0.0010380611726488731,DBP
max,0.044734,0.013874658469945308,DBP
count,1250.0,1250.0,DBZ
mean,0.01909010320000002,0.0004951603325642836,DBZ
std,0.003664793072242914,0.0008522574764253404,DBZ
min,0.013874,-0.016322492889823192,DBZ
25%,0.015892249999999997,0.0002789310807182115,DBZ
50%,0.01808,0.00036839198155387933,DBZ
75%,0.022812,0.0006645421362488095,DBZ
max,0.02577,0.004186346071275316,DBZ
count,1250.0,1250.0,DLY
mean,0.7816920552,0.000515985867602512,DLY
std,0.16104663682096693,0.0003934989109704379,DLY
min,0.56428,7.444405182104765e-05,DLY
25%,0.6324624999999999,0.00026484908996359045,DLY
50%,0.7386870000000001,0.00034212219189730993,DLY
75%,0.9473017499999999,0.000621711610680303,DLY
max,1.075481,0.003333753099158268,DLY
count,1166.0,1166.0,DPK
mean,1.2898054065180107,0.0013052500802560325,DPK
std,0.2286209705286807,0.029276126139031904,DPK
min,0.998029,-0.004434417441563628,DPK
25%,1.0748095000000002,0.00024255352849403077,DPK
50%,1.227455,0.00032438348608458364,DPK
75%,1.5262487500000002,0.0005688317812382623,DPK
max,1.6856830000000005,1.0,DPK
count,1180.0,1180.0,DSP
mean,1.31955289661017,0.001350673817147629,DSP
std,0.23783920615819165,0.029260834430228037,DSP
min,0.990419,-0.02426549323641786,DSP
25%,1.129543,-0.0007733571389890617,DSP
50%,1.2671435,0.0004471993512833504,DSP
75%,1.49418975,0.0018100520127674819,DSP
max,1.829107,1.0,DSP
count,1250.0,1250.0,DZE
mean,0.06521651760000001,0.0005077446391597711,DZE
std,0.01065059701210508,0.012250452774264252,DZE
min,0.045579,-0.07127997736615256,DZE
25%,0.060193750000000004,-0.005702921077999366,DZE
50%,0.06623899999999999,0.0009317782671890314,DZE
75%,0.07103975000000001,0.0077202151967026645,DZE
max,0.09781,0.044860987140070765,DZE
count,1250.0,1250.0,DZT
mean,0.6414484103999998,0.00038235772417641176,DZT
std,0.11229057038008047,0.0055759736351473155,DZT
min,0.49768,-0.034304673749056866,DZT
25%,0.5566182500000001,-0.0018863293136414838,DZT
50%,0.5794045,0.0003091718392346129,DZT
75%,0.7708122500000001,0.002241562308273412,DZT
max,0.8537600000000001,0.0471978457384363,DZT
count,1250.0,1250.0,EBD
mean,0.01835086720000001,0.0005297395044055426,EBD
std,0.0034765877187980417,0.003838372725211299,EBD
min,0.014175,-0.02412470023980815,EBD
25%,0.015467749999999999,-0.001293916575621776,EBD
50%,0.017140000000000002,0.0006315796471796874,EBD
75%,0.021000500000000002,0.00273834221655116,EBD
max,0.027792,0.01699467695463225,EBD
count,1250.0,1250.0,ECA
mean,0.09586018639999995,-inf,ECA
std,0.02195745890192213,,ECA
min,0.0,-inf,ECA
25%,0.07945949999999999,-0.0018630937039100365,ECA
50%,0.08847649999999999,0.0008780487528768841,ECA
75%,0.10847275,0.003852847624205503,ECA
max,0.15748199999999998,1.0,ECA
count,1250.0,1250.0,ECB
mean,7.258972555999999,0.0005158219992037514,ECB
std,1.5220803336797002,0.00040294188425129087,ECB
min,5.260661,-7.497257298329277e-05,ECB
25%,5.82966425,0.0002610967736121706,ECB
50%,6.8482970000000005,0.0003459818131921459,ECB
75%,8.83000775,0.0006145090931605568,ECB
max,10.02463,0.00349164734449458,ECB
count,1250.0,1250.0,ECT
mean,0.03471460640000006,0.0004565668831773851,ECT
std,0.006551286983883029,0.0006648970443039485,ECT
min,0.026147000000000004,-0.00520564129070351,ECT
25%,0.02850275,0.00017089577979100708,ECT
50%,0.0325555,0.00036078941144966734,ECT
75%,0.041778249999999996,0.0007127867180648247,ECT
max,0.046267,0.0046462698343122475,ECT
count,1250.0,1250.0,ECV
mean,0.07248983759999991,0.0004707856460190812,ECV
std,0.014004255882862615,0.0004260681273137729,ECV
min,0.054054,-0.0014775835029098414,ECV
25%,0.05924225,0.0002544659027195836,ECV
50%,0.0688075,0.00035035111008474513,ECV
75%,0.08718000000000001,0.0005957511809109681,ECV
max,0.097357,0.003183555988428473,ECV
count,1250.0,1250.0,EC2
mean,4.3366341175999965,-inf,EC2
std,0.8196503792438171,,EC2
min,0.0,-inf,EC2
25%,3.84367825,-0.00541038364349642,EC2
50%,4.288408,0.0010632443994015531,EC2
75%,4.718051749999999,0.007525469113110436,EC2
max,6.932534,1.0,EC2
count,1250.0,1250.0,EIB
mean,0.04659734560000004,0.0006723213268037652,EIB
std,0.013279474387873014,0.00404821533572163,EIB
min,0.032168,-0.12102786604742115,EIB
25%,0.0357215,-8.928870742503503e-05,EIB
50%,0.040501,0.0006004643739079282,EIB
75%,0.05707950000000001,0.0015589409428808914,EIB
max,0.075565,0.0348737282732238,EIB
count,1250.0,1250.0,EIC
mean,0.014893075200000012,0.0006718199480533012,EIC
std,0.004053698972374719,0.003049766054477429,EIC
min,0.009783,-0.033382213404640586,EIC
25%,0.011723250000000001,-8.46980216043349e-05,EIC
50%,0.013261499999999999,0.0004425396228134148,EIC
75%,0.018222500000000003,0.0012606209400229946,EIC
max,0.023464,0.07196562835660572,EIC
count,1250.0,1250.0,EID
mean,0.05758742480000001,0.0009350827839952796,EID
std,0.024091445571458,0.012270107708675038,EID
min,0.032902999999999995,-0.08537649288529227,EID
25%,0.04211325,-0.004906042309771388,EID
50%,0.047564499999999996,0.001658927197409431,EID
75%,0.066674,0.007784076955005435,EID
max,0.134279,0.05073394627830787,EID
count,1250.0,1250.0,EIL
mean,0.6642325879999987,0.0005108917340159259,EIL
std,0.1361218184565596,0.000394541487090679,EIL
min,0.482914,-0.0006085339501385714,EIL
25%,0.537532,0.0002688891517604704,EIL
50%,0.627286,0.0003529932187457145,EIL
75%,0.8035085,0.0006051047342219291,EIL
max,0.91455,0.0029044637499334963,EIL
count,1250.0,1250.0,EKF
mean,0.014204396799999993,0.0005192378953915295,EKF
std,0.0029579006925445146,0.0005271577342732941,EKF
min,0.010251,-0.0046343624344033505,EKF
25%,0.011469,0.00026860667151853783,EKF
50%,0.013419999999999998,0.00038433821851845926,EKF
75%,0.01714525,0.0006588856666415197,EKF
max,0.019607,0.006432084752175646,EKF
count,1250.0,1250.0,FIB
mean,0.020114143999999997,0.0008162616110694021,FIB
std,0.008689741875657553,0.01141081526690938,FIB
min,0.010349,-0.06962589073634214,FIB
25%,0.013081,-0.004866509345635176,FIB
50%,0.018085,0.000865638204086595,FIB
75%,0.0236255,0.0060427300631394525,FIB
max,0.044112,0.12393106170240753,FIB
count,1250.0,1250.0,FID
mean,0.06926997680000006,0.0007546197571449821,FID
std,0.01993512000690273,0.006063127255725747,FID
min,0.04734,-0.049631079290602585,FID
25%,0.05535125,-0.0013761543744145312,FID
50%,0.0616485,0.0008352124591186891,FID
75%,0.07827800000000001,0.0032576402852165036,FID
max,0.128082,0.034090311036261194,FID
count,1250.0,1250.0,FIL
mean,0.04519083200000002,0.0005433719650983971,FIL
std,0.009783624234152709,0.0004100567559516107,FIL
min,0.032039,0.00011506486781934817,FIL
25%,0.036143749999999995,0.00028314183888297707,FIL
50%,0.042508000000000004,0.00036382881405107537,FIL
75%,0.05515125,0.0006406397299046867,FIL
max,0.063192,0.003788681021296657,FIL
count,1250.0,1250.0,FIT
mean,0.05426373440000002,0.000534038613494306,FIT
std,0.01152448943273431,0.0005861538529328129,FIT
min,0.038673,-0.0016813704157929105,FIT
25%,0.04386425,0.00025471006596830824,FIT
50%,0.050797,0.00040339932582790326,FIT
75%,0.06608625,0.0007664887810201131,FIT
max,0.075374,0.00423666432205207,FIT
count,1250.0,1250.0,FI3
mean,138.53120159039995,0.0003981999219407758,FI3
std,22.971101894464983,0.002595899692874304,FI3
min,109.057677,-0.013175110720932038,FI3
25%,120.50031775,-0.000716105149529643,FI3
50%,126.646457,0.00031845028136659226,FI3
75%,163.72993175,0.0014416390545670395,FI3
max,179.813362,0.028292726565594808,FI3
count,1250.0,1250.0,FI5
mean,95.35119071439998,0.000522935107695841,FI5
std,20.036112249481246,0.00039937224047070004,FI5
min,68.346715,-4.399641883680816e-06,FI5
25%,76.715744,0.0002703914992148711,FI5
50%,90.044393,0.0003473062207193043,FI5
75%,116.10032149999999,0.0006294613389542386,FI5
max,131.401772,0.003339166160799795,FI5
count,1250.0,1250.0,FNO
mean,0.017192707999999994,0.0006078778151624545,FNO
std,0.004130876407961665,0.003714833249803915,FNO
min,0.011925,-0.03940161857271328,FNO
25%,0.013763500000000001,-0.0013937642620348587,FNO
50%,0.016105500000000002,0.00073443192299514,FNO
75%,0.02020425,0.002641846819115861,FNO
max,0.025936,0.013275968039336115,FNO
count,1179.0,1179.0,FPE
mean,5.128752031382528,0.0017041575125996877,FPE
std,1.7013030334327566,0.030163627180369034,FPE
min,2.88692,-0.05618537022924006,FPE
25%,3.6335915,-0.002728164601313745,FPE
50%,4.94022,0.0007454252657738128,FPE
75%,6.196595,0.0040200251570064235,FPE
max,9.057732,1.0,FPE
count,1247.0,1247.0,FPH
mean,1.3710755797915,0.0016258861003239466,FPH
std,0.5289100107483549,0.031379446186206,FPH
min,0.797728,-0.09914871209794199,FPH
25%,1.044125,-0.00526455421727847,FPH
50%,1.211812,0.0018991813841783534,FPH
75%,1.479325,0.00841665316548321,FPH
max,3.185282,1.0,FPH
count,1250.0,1250.0,FPK
mean,0.014177941600000002,0.0005033981506866757,FPK
std,0.002853906645127118,0.00040222051146781846,FPK
min,0.01031,-0.0011357183418511745,FPK
25%,0.011554749999999999,0.00027066898347335734,FPK
50%,0.013394,0.00035578758136749786,FPK
75%,0.017124749999999998,0.000636836456789762,FPK
max,0.019343,0.004187761735108511,FPK
count,1250.0,1250.0,FUB
mean,0.05348870079999998,0.0008011094709058121,FUB
std,0.018163317246571428,0.00777019326171196,FUB
min,0.029868,-0.05356464480182358,FUB
25%,0.038025750000000004,-0.0027273601657046877,FUB
50%,0.0521505,0.000553189413960503,FUB
75%,0.0661155,0.004162881879820376,FUB
max,0.093736,0.08035565063341922,FUB
count,1250.0,1250.0,FYD
mean,0.43415513999999983,0.0008176118259928464,FYD
std,0.11703396169349199,0.012523717786869816,FYD
min,0.25378,-0.08098653395784537,FYD
25%,0.35826225,-0.005985803162633377,FYD
50%,0.4301495000000001,0.001743735846971659,FYD
75%,0.48717225000000003,0.0082472702959758,FYD
max,0.8086260000000001,0.048711101178836834,FYD
count,1250.0,1250.0,FYO
mean,0.16336122240000003,0.0004931477110888552,FYO
std,0.03294338513472235,0.0014648829852967507,FYO
min,0.118537,-0.04171817497193697,FYO
25%,0.13514325,0.0002698184529127788,FYO
50%,0.151887,0.000369519226296393,FYO
75%,0.19856925,0.0006663427387018331,FYO
max,0.219816,0.012339397803060112,FYO
count,1250.0,1250.0,FYT
mean,0.0584685576,0.00046790242135542464,FYT
std,0.011024079793747924,0.000428637026239333,FYT
min,0.043187,-0.002232322096776788,FYT
25%,0.048232500000000005,0.00023905129091076363,FYT
50%,0.055784,0.00033197644197003923,FYT
75%,0.07012875,0.0006399726521021309,FYT
max,0.077507,0.0027398198568444197,FYT
count,1250.0,1250.0,GAE
mean,0.03201126959999997,0.0004049549602730929,GAE
std,0.004773664109606053,0.013213320667709428,GAE
min,0.022707,-0.08187776672042811,GAE
25%,0.02954275,-0.006472201931708744,GAE
50%,0.032579000000000004,0.0006199815525113608,GAE
75%,0.03475475,0.008085952506150039,GAE
max,0.045442,0.053376795354996336,GAE
count,1250.0,1250.0,GAF
mean,0.0711518383999999,0.0005360235296161086,GAF
std,0.014704823546166906,0.013406664270408269,GAF
min,0.050767,-0.0917424366434025,GAF
25%,0.060284000000000004,-0.005218079426101804,GAF
50%,0.06827550000000002,0.0013973055722243505,GAF
75%,0.07721850000000001,0.007951842534826344,GAF
max,0.118759,0.0668435493110623,GAF
count,1250.0,1250.0,GAK
mean,0.7855152015999991,0.0005816792451056593,GAK
std,0.1764772914518428,0.004653038010963753,GAK
min,0.56747,-0.03170879938815363,GAK
25%,0.65330625,-0.0012808245387458444,GAK
50%,0.6990975,0.0007666834796828828,GAK
75%,0.94528925,0.002782384451994412,GAK
max,1.195645,0.02730473345328458,GAK
count,1250.0,1250.0,GAL
mean,53.576873016799986,0.0005138679539278788,GAL
std,11.037420540963225,0.00039049324111690254,GAL
min,38.713437,1.2142488049844033e-05,GAL
25%,43.30643499999999,0.0002685609814423671,GAL
50%,50.68634,0.000347384184877114,GAL
75%,64.99128675,0.0006201505432455398,GAL
max,73.590274,0.00311242202788258,GAL
count,1250.0,1250.0,GA1
mean,303.3554774528001,0.00044661035106663345,GA1
std,54.94105400708558,0.0017810181314219461,GA1
min,232.557945,-0.009702470582873624,GA1
25%,256.16069925,-8.05280334191217e-05,GA1
50%,273.246048,0.00040984012340255333,GA1
75%,358.35907025,0.0008732106348788706,GA1
max,407.034305,0.028808286345928687,GA1
count,1250.0,1250.0,GBC
mean,0.022317352799999985,0.0009825082272847741,GBC
std,0.009971973185468434,0.012128337748486491,GBC
min,0.010463,-0.08694359497111792,GBC
25%,0.0144085,-0.004308105551337856,GBC
50%,0.020195499999999998,0.0005247324699655561,GBC
75%,0.026272000000000004,0.006464173405552094,GBC
max,0.048913,0.12132515881223226,GBC
count,1250.0,1250.0,GBG
mean,0.03078032159999999,0.0009913655381644012,GBG
std,0.010797017158761711,0.011860501249850419,GBG
min,0.013436000000000002,-0.08317959412849933,GBG
25%,0.0217465,-0.004538145341600415,GBG
50%,0.0317895,0.0011626283766612419,GBG
75%,0.037908,0.007032092587641361,GBG
max,0.055335,0.11805375914211155,GBG
count,1250.0,1250.0,GBL
mean,0.10520108799999985,0.0005376758270856,GBL
std,0.022273456493512426,0.0004901776844611815,GBL
min,0.074802,-0.003677908242530434,GBL
25%,0.08489649999999999,0.0002786293207286777,GBL
50%,0.098898,0.00035849514351880417,GBL
75%,0.12766125,0.0006629939847911519,GBL
max,0.146483,0.004222519401476286,GBL
count,1250.0,1250.0,GHS
mean,1.4397299200000002,0.0007392215514470111,GHS
std,0.3539082484418798,0.012658865393651296,GHS
min,0.912993,-0.08412244399043077,GHS
25%,1.2235047499999998,-0.005701704193824876,GHS
50%,1.4018065,0.0014185213939101014,GHS
75%,1.59215675,0.008113810696182487,GHS
max,2.605539,0.05862197050955122,GHS
count,1250.0,1250.0,GLS
mean,0.021825052000000032,0.000655028064767288,GLS
std,0.005438575106537331,0.004224720740957199,GLS
min,0.013422,-0.02650359983651386,GLS
25%,0.01714825,-0.00032231492858508115,GLS
50%,0.0213915,0.00047306743857351954,GLS
75%,0.026910750000000004,0.0015785794308211894,GLS
max,0.03265,0.033579561949614416,GLS
count,1250.0,1250.0,GL1
mean,45.8620221824,0.0011315629872705323,GL1
std,19.2164576087681,0.012319812798829214,GL1
min,22.512294,-0.07242754212067999,GL1
25%,32.307909,-0.005179977072787531,GL1
50%,39.733590500000005,0.001362954967702491,GL1
75%,55.78454824999999,0.008099726336537666,GL1
max,103.763937,0.0560010773275372,GL1
count,1250.0,1250.0,GMA
mean,0.10724652480000002,0.000962811723754398,GMA
std,0.0365518335503282,0.004698454380002977,GMA
min,0.059298,-0.035931479504201363,GMA
25%,0.0774015,-0.0015194097076251549,GMA
50%,0.0962675,0.00110513228727321,GMA
75%,0.13270625,0.003794920970029338,GMA
max,0.200702,0.018584471013878442,GMA
count,1250.0,1250.0,GMR
mean,0.04522561039999993,0.0012739411560454255,GMR
std,0.022373590279170567,0.0126609553861576,GMR
min,0.023622,-0.09524849808847614,GMR
25%,0.033328500000000004,-0.003051721528149182,GMR
50%,0.036485500000000004,0.002439852951378964,GMR
75%,0.047406250000000004,0.008159916450425625,GMR
max,0.131699,0.0704061813882791,GMR
count,1250.0,1250.0,GPA
mean,1.6825228688000011,0.0007540063078437367,GPA
std,0.5371536906700393,0.007652624823769985,GPA
min,0.973802,-0.05268252179865037,GPA
25%,1.2340452499999999,-0.0025123380803605054,GPA
50%,1.62938,0.0006369191352686788,GPA
75%,2.0493555,0.003807490711935378,GPA
max,2.901901,0.0780182006147027,GPA
count,1250.0,1250.0,GPB
mean,1.5652114808000002,-inf,GPB
std,0.3612362812922668,,GPB
min,0.0,-inf,GPB
25%,1.2582585,-0.00014246304187729388,GPB
50%,1.4750554999999999,0.0006186885351172847,GPB
75%,1.88531575,0.0013830696229145238,GPB
max,2.285539,1.0,GPB
count,1250.0,1250.0,GPF
mean,1.3071416831999998,0.0003699749911088379,GPF
std,0.20850305956647275,0.0015174155286734735,GPF
min,1.041372,-0.018653893513585908,GPF
25%,1.12043625,4.742898846617597e-05,GPF
50%,1.2069115,0.00031140472023529777,GPF
75%,1.5450592499999998,0.0007203033126925711,GPF
max,1.655311,0.015285450665218862,GPF
count,1250.0,1250.0,GPI
mean,1.5572144888000001,0.0006565961131027192,GPI
std,0.37154869005859514,0.0025286714263114784,GPI
min,1.026736,-0.016400782176561362,GPI
25%,1.2395495,-0.0003893803589162185,GPI
50%,1.503584,0.0007061403200263092,GPI
75%,1.8614997500000001,0.0018142992476834641,GPI
max,2.346134,0.013506492955152959,GPI
count,1250.0,1250.0,GPU
mean,1.6273691495999985,0.0007039991028947081,GPU
std,0.407658549121766,0.0038891644207339226,GPU
min,1.014804,-0.027001592587230512,GPU
25%,1.2765695,-0.001158134509022997,GPU
50%,1.6420404999999998,0.0008712952778346724,GPU
75%,1.94281525,0.0028048537078664616,GPU
max,2.476906,0.021750724442266542,GPU
count,1250.0,1250.0,GSP
mean,0.025398852000000034,0.0007873204495476637,GSP
std,0.00751909314528541,0.01116068432858002,GSP
min,0.016134,-0.16913698801720176,GSP
25%,0.02016075,-0.0043477105457314195,GSP
50%,0.023414,0.001473516041430972,GSP
75%,0.0288115,0.006674964855156673,GSP
max,0.04952,0.036714480874316925,GSP
count,1250.0,1250.0,GTA
mean,0.06683019919999995,0.0008172053312896585,GTA
std,0.02903267596392762,0.011448863851416328,GTA
min,0.034188,-0.0708961330734551,GTA
25%,0.043490249999999994,-0.004938533581575779,GTA
50%,0.059830999999999995,0.0009617055046739268,GTA
75%,0.078654,0.006152558733063689,GTA
max,0.146758,0.12436788874841982,GTA
count,1250.0,1250.0,GTF
mean,2.1212490288000003,0.0005574280931235427,GTF
std,0.4601808844627895,0.0010473156894140832,GTF
min,1.492718,-0.006898206567919254,GTF
25%,1.7249629999999998,0.00026235466910883953,GTF
50%,1.9767025,0.00046768204632236936,GTF
75%,2.5830017499999998,0.0008620144366310822,GTF
max,2.998066,0.014521186343521456,GTF
count,1250.0,1250.0,GTL
mean,0.01741386639999998,0.0005150692826117118,GTL
std,0.0035972111142371596,0.0003919678972240481,GTL
min,0.01258,0.0,GTL
25%,0.014064,0.0002757775562396901,GTL
50%,0.016467,0.000360095394280788,GTL
75%,0.02112825,0.0006204608508214828,GTL
max,0.02395,0.0033408248800337746,GTL
count,1250.0,1250.0,GUH
mean,0.02111939759999998,0.0010074826270853603,GUH
std,0.007449018792639246,0.012233601517148017,GUH
min,0.010025,-0.09815209952091468,GUH
25%,0.014813999999999999,-0.004890787358407409,GUH
50%,0.0210055,0.0014139355297577735,GUH
75%,0.025377499999999997,0.0067028347299201985,GUH
max,0.039379,0.11964881474978052,GUH
count,1250.0,1250.0,GYK
mean,0.014242816800000009,0.0005609999648268972,GYK
std,0.0032028088754391575,0.0005064826602234384,GYK
min,0.009948,-0.003274576743537948,GYK
25%,0.011321000000000001,0.0002848935253827211,GYK
50%,0.0133955,0.0004033396687253175,GYK
75%,0.01750025,0.0007128221286272227,GYK
max,0.020061,0.00402219140083211,GYK
count,1250.0,1250.0,GYL
mean,2.211469241599997,0.00048024943541057573,GYL
std,0.42901042963907193,0.00039417597184617577,GYL
min,1.632117,-0.0014779534536776186,GYL
25%,1.812843,0.0002513950471179459,GYL
50%,2.094086,0.00032249462813739257,GYL
75%,2.66475875,0.0006119593696977501,GYL
max,2.974738,0.002865396764546457,GYL
count,1250.0,1250.0,HBF
mean,2.059200374400001,0.000807880672863164,HBF
std,0.8721447043411773,0.011589492157001205,HBF
min,1.0503360000000002,-0.07179187374876421,HBF
25%,1.3480812500000001,-0.004935792589374207,HBF
50%,1.875992,0.0009050947021063035,HBF
75%,2.43448475,0.006177227819712295,HBF
max,4.446835,0.13015879632427865,HBF
count,1250.0,1250.0,HBU
mean,0.09181083280000002,0.00041290603456488843,HBU
std,0.014237732748155176,0.014015198087837544,HBU
min,0.06430599999999999,-0.08654392475913007,HBU
25%,0.08360575,-0.006740582786740891,HBU
50%,0.0934435,0.0006504009243036507,HBU
75%,0.09977575,0.00858634674558088,HBU
max,0.132258,0.055222535888041366,HBU
count,1250.0,1250.0,HKV
mean,82.86607106959997,0.0005287412407980379,HKV
std,17.705045682049057,0.00041306646721098655,HKV
min,59.08524300000001,-0.0008487088021702167,HKV
25%,66.484194,0.0002852808026325792,HKV
50%,78.236299,0.00036684235315736114,HKV
75%,101.1685425,0.0006502720224120346,HKV
max,114.425246,0.0033303590952367327,HKV
count,1250.0,1250.0,HLL
mean,0.04818348319999998,0.0005259969022654356,HLL
std,0.010142228140356467,0.0003993290137056537,HLL
min,0.034546,-0.000822297238812351,HLL
25%,0.038777000000000006,0.000270181775348585,HLL
50%,0.045509,0.00035535258032006405,HLL
75%,0.058635,0.0006254855126783725,HLL
max,0.066673,0.003385061766386806,HLL
count,1250.0,1250.0,HOA
mean,0.016296393599999973,0.0005457053502453971,HOA
std,0.0032331965109503903,0.004469150418075598,HOA
min,0.011378,-0.029284343295859792,HOA
25%,0.01379225,-0.0013745030958387007,HOA
50%,0.0156725,0.0006737256573428514,HOA
75%,0.018905500000000002,0.002673683912805896,HOA
max,0.023153,0.027890603845112456,HOA
count,1250.0,1250.0,HOB
mean,0.01736739680000002,0.0005129480606940043,HOB
std,0.0035142814839492437,0.0006512834607517066,HOB
min,0.012478,-0.015921838248597817,HOB
25%,0.01414125,0.00028533237363060834,HOB
50%,0.016632,0.0003851066557902349,HOB
75%,0.020923249999999997,0.0006338429525871474,HOB
max,0.023693,0.003208180861196128,HOB
count,1250.0,1250.0,HOY
mean,0.02618016720000001,0.0008041373428564619,HOY
std,0.00846323435278808,0.009784974513364427,HOY
min,0.014155,-0.07396199401275548,HOY
25%,0.018932499999999998,-0.00310691389234643,HOY
50%,0.026249,0.000646265768261031,HOY
75%,0.031438999999999995,0.0046996636652904015,HOY
max,0.046773,0.12732164554764805,HOY
count,1250.0,1250.0,HPD
mean,0.020900712800000023,0.0006167049482024408,HPD
std,0.004619726409214396,0.003426429238631773,HPD
min,0.014505,-0.02762288310615452,HPD
25%,0.0173105,-0.0008229351812197739,HPD
50%,0.019672000000000002,0.000667129713487802,HPD
75%,0.024598500000000002,0.0022632942198015553,HPD
max,0.031518,0.0250099245732434,HPD
count,1250.0,1250.0,HPO
mean,0.020498842400000005,0.0005078519641441389,HPO
std,0.004026060611167953,0.0007484740429487376,HPO
min,0.014836000000000004,-0.0103244837758113,HPO
25%,0.0169225,0.00020341080167963883,HPO
50%,0.019623,0.0004677190565620758,HPO
75%,0.0245445,0.0008026947900578404,HPO
max,0.027988,0.004768290865742667,HPO
count,1250.0,1250.0,HPT
mean,0.017379466400000012,0.00047912244277735396,HPT
std,0.0033887616899250864,0.0004214173937673797,HPT
min,0.012868,-0.0008678672163158306,HPT
25%,0.014211999999999999,0.00022817164842589771,HPT
50%,0.0164535,0.0003351880645922254,HPT
75%,0.020935500000000003,0.0006052926997491652,HPT
max,0.02342,0.003179487179487157,HPT
count,1250.0,1250.0,HSA
mean,76.59153469199994,0.0009669861823329106,HSA
std,25.888189312727988,0.0063664501785133144,HSA
min,42.501072,-0.04705348036502751,HSA
25%,55.6071665,-0.002098241890454248,HSA
50%,69.907202,0.0012740624878326292,HSA
75%,94.5487975,0.004376916715817602,HSA
max,146.383392,0.02994569115853296,HSA
count,1250.0,1250.0,HSL
mean,56.655684176,0.0005149003934386024,HSL
std,11.797076964852309,0.0004028770281063033,HSL
min,41.053943,-0.00025955201303718567,HSL
25%,45.612679750000005,0.00025958103944703065,HSL
50%,53.469927,0.0003458009020988112,HSL
75%,68.858506,0.0006175081999820715,HSL
max,78.141133,0.0037788523313666686,HSL
count,1250.0,1250.0,HST
mean,0.19847119679999983,0.00040852928403910444,HST
std,0.03356272413975086,0.002662247322325617,HST
min,0.157244,-0.02482224552588824,HST
25%,0.17195850000000001,-0.0006627125547716989,HST
50%,0.1813685,0.000332768961005213,HST
75%,0.23549974999999998,0.001404712201249817,HST
max,0.26252600000000004,0.022567423360496608,HST
count,1250.0,1250.0,HTT
mean,0.4585125583999994,0.00035257242944702807,HTT
std,0.07651309526985824,0.006279839855109538,HTT
min,0.332854,-0.03939541201681557,HTT
25%,0.4050935,-0.002023856586661958,HTT
50%,0.421745,0.00020811080537792712,HTT
75%,0.5454075,0.002838258010141203,HTT
max,0.607241,0.04875958162501552,HTT
count,1250.0,1250.0,HVS
mean,0.0461714032,0.0009748688205020824,HVS
std,0.016235868849484702,0.013828188198537502,HVS
min,0.023802,-0.09026172391017176,HVS
25%,0.03458875,-0.005648899872914175,HVS
50%,0.0437645,0.0015452177948632015,HVS
75%,0.05463275,0.0086294683063074,HVS
max,0.097427,0.06356657868756671,HVS
count,1250.0,1250.0,IAT
mean,0.030236155999999993,0.00042598450036459613,IAT
std,0.005482619931959418,0.0007275680297917562,IAT
min,0.023344,-0.0083546372189865,IAT
25%,0.0250185,0.00016201288553017036,IAT
50%,0.0283075,0.00037581170759117807,IAT
75%,0.03606825,0.00068135272804037,IAT
max,0.039759,0.00828406434758714,IAT
count,1250.0,1250.0,IBK
mean,0.01842870880000002,0.0005028101369970867,IBK
std,0.003689137322484741,0.000680629148600617,IBK
min,0.013323,-0.015731701148262545,IBK
25%,0.015019999999999999,0.0002710761761397389,IBK
50%,0.0175715,0.0003667055798604788,IBK
75%,0.022240000000000003,0.0006703217300540827,IBK
max,0.02498,0.003726231574332954,IBK
count,1250.0,1250.0,ICA
mean,0.02239820399999999,0.0009158942938166681,ICA
std,0.010784573138358577,0.012553613686238132,ICA
min,0.01026,-0.07183716908341109,ICA
25%,0.01314925,-0.00497401622888391,ICA
50%,0.0212915,0.0009570566587465462,ICA
75%,0.02773075,0.006130330963644105,ICA
max,0.05011,0.191628187111022,ICA
count,1250.0,1250.0,ICC
mean,0.09206517919999989,0.0005787801200155405,ICC
std,0.01799302068766278,0.005740038456452597,ICC
min,0.064827,-0.035098377361448774,ICC
25%,0.0800625,-0.002017392529225863,ICC
50%,0.08815200000000001,0.0007367252410776265,ICC
75%,0.10488975,0.0036958503142973413,ICC
max,0.136383,0.026134653657589442,ICC
count,1250.0,1250.0,ICD
mean,14.526498770399977,0.000517863950623928,ICD
std,2.8629877821582856,0.0017090794619723626,ICD
min,10.571266,-0.010584967624126631,ICD
25%,12.100513750000001,-0.00019774623103932567,ICD
50%,13.477780000000001,0.0005362189237586571,ICD
75%,17.439951750000002,0.0013233894693792621,ICD
max,20.224277,0.006873990454799295,ICD
count,1250.0,1250.0,ICE
mean,16.721835295200012,0.000515295793044008,ICE
std,3.4699656123209714,0.00039979629411404947,ICE
min,12.091291,-0.00013304694982692458,ICE
25%,13.5020205,0.0002595592700153676,ICE
50%,15.76305,0.00033992900769764395,ICE
75%,20.31875675,0.0006245215025215146,ICE
max,23.025707,0.0030435059152779434,ICE
count,1250.0,1250.0,ICF
mean,7.979628965600003,0.0006422289529567826,ICF
std,1.74976133729373,0.013024628274975377,ICF
min,5.1027879999999985,-0.0805427599167447,ICF
25%,7.036268000000001,-0.0054074020796199915,ICF
50%,7.8208850000000005,0.0011758070313809745,ICF
75%,8.72994525,0.008126219647590398,ICF
max,13.333294,0.05685227078303521,ICF
count,1250.0,1250.0,IDY
mean,0.021091187199999986,0.0005756711019051228,IDY
std,0.0049359872781525906,0.0015947403504261888,IDY
min,0.014996,-0.010084033613445393,IDY
25%,0.0166645,5.8217098117590836e-05,IDY
50%,0.0191985,0.0005077860261390962,IDY
75%,0.025648999999999998,0.001090707604492896,IDY
max,0.030902,0.010351861295257435,IDY
count,1250.0,1250.0,IGL
mean,76.5378980063999,0.0005206682532567589,IGL
std,16.059613550104526,0.0004008701031341404,IGL
min,55.17135500000001,-0.00012794196353883134,IGL
25%,61.588678,0.00026727059683214903,IGL
50%,72.124663,0.0003617982464656703,IGL
75%,93.18501625,0.0006352723616076997,IGL
max,105.771506,0.0034254218649173033,IGL
count,1250.0,1250.0,IPB
mean,0.02383584320000002,-inf,IPB
std,0.00669016136058304,,IPB
min,0.0,-inf,IPB
25%,0.0183045,0.00023976936363658024,IPB
50%,0.0221485,0.0003683827693442114,IPB
75%,0.028261750000000002,0.0009577760114848385,IPB
max,0.044374,1.0,IPB
count,1084.0,1084.0,IPV
mean,5.616896797970478,0.0018197106423081622,IPV
std,1.767112807469408,0.03149372625959604,IPV
min,3.084895,-0.05898225007163518,IPV
25%,3.97852625,-0.002857551449808474,IPV
50%,5.492858000000001,0.0007332796413438245,IPV
75%,6.786542,0.004615913309703914,IPV
max,9.590711,1.0,IPV
count,1250.0,1250.0,IST
mean,0.023195371199999995,0.0005737037025302594,IST
std,0.005255377852077341,0.00042406414099681387,IST
min,0.015941,-0.0025975189215819115,IST
25%,0.0183835,0.00031348508362007496,IST
50%,0.0219515,0.00040690570196159497,IST
75%,0.028577500000000002,0.0006643802074026095,IST
max,0.032656,0.003409965900340972,IST
count,1250.0,1250.0,IYB
mean,0.5628322192000004,0.0005094585986184137,IYB
std,0.10667444296601153,0.0027194654460320064,IYB
min,0.416167,-0.024078480726523927,IYB
25%,0.47132050000000014,-0.0004807445804195236,IYB
50%,0.5328839999999999,0.0005441785045670077,IYB
75%,0.65655975,0.0016663689687349695,IYB
max,0.790981,0.015554582049339172,IYB
count,1250.0,1250.0,KIS
mean,0.018394391199999992,0.0007400807982711951,KIS
std,0.005980160079347562,0.009557291118768909,KIS
min,0.009741,-0.06764921274258515,KIS
25%,0.013045499999999998,-0.0035024148626927433,KIS
50%,0.019175499999999998,0.00046577553272998695,KIS
75%,0.02294075,0.004777153926285339,KIS
max,0.0316,0.12536752695197648,KIS
count,1250.0,1250.0,KRC
mean,0.019435203200000008,0.0005818797474157014,KRC
std,0.004403526613888137,0.0024064321509945754,KRC
min,0.013534,-0.02449170366908173,KRC
25%,0.015529749999999998,-0.00018216568711345273,KRC
50%,0.018083000000000002,0.0005944667630517707,KRC
75%,0.02372675,0.0014193939286094581,KRC
max,0.028113,0.016151827175449263,KRC
count,1250.0,1250.0,KTM
mean,1.4678636208000002,0.000662459391952002,KTM
std,0.3750342798394845,0.0031224453526983308,KTM
min,1.032737,-0.02016991371075371,KTM
25%,1.1472307499999999,-0.0007686319510718239,KTM
50%,1.369097,0.0006794307859933413,KTM
75%,1.7185772500000003,0.0022618445511026473,KTM
max,2.37562,0.01882115538557326,KTM
count,1250.0,1250.0,KTN
mean,1.3585779712000017,0.0004801993431686635,KTN
std,0.2661249533026911,0.0007600943539938444,KTN
min,1.006649,-0.008072023405543183,KTN
25%,1.10930775,0.00019838743620420547,KTN
50%,1.2869225,0.00038224679530940084,KTN
75%,1.617868,0.0007172474910651424,KTN
max,1.835064,0.005260318158835927,KTN
count,1250.0,1250.0,KUB
mean,0.04389549199999999,0.0009523359999724528,KUB
std,0.01610568192137353,0.009293646556728777,KUB
min,0.021536000000000003,-0.06879244799453252,KUB
25%,0.030329000000000002,-0.003416130820690497,KUB
50%,0.0437665,0.0007526808196329348,KUB
75%,0.054448,0.005021467134257155,KUB
max,0.08040800000000001,0.07740442310989194,KUB
count,1250.0,1250.0,KYA
mean,0.057816711200000065,0.0005886662163185908,KYA
std,0.010906412690468595,0.014048742089250936,KYA
min,0.041096,-0.08892785571142282,KYA
25%,0.04980625,-0.005882009924327711,KYA
50%,0.055344000000000004,0.0012962395369207807,KYA
75%,0.06368825,0.008761754052215479,KYA
max,0.098175,0.0628037835548474,KYA
count,1250.0,1250.0,MAC
mean,0.023299741600000003,0.0011987735359976171,MAC
std,0.011984867099636368,0.013783635264088238,MAC
min,0.011811,-0.08750411590385246,MAC
25%,0.016031499999999997,-0.0044339671798949735,MAC
50%,0.0182465,0.0016685106336134605,MAC
75%,0.02584975,0.008489590165286233,MAC
max,0.064499,0.06139169904219731,MAC
count,1250.0,1250.0,MAD
mean,0.08729381039999998,0.0005035774378267741,MAD
std,0.018164335697346937,0.0037095460757467454,MAD
min,0.060865,-0.0311382582138703,MAD
25%,0.072922,-0.0009164552164754908,MAD
50%,0.08398800000000001,0.0005519616464372073,MAD
75%,0.10638349999999999,0.0020742360868579576,MAD
max,0.115292,0.036151267546616336,MAD
count,1250.0,1250.0,MBL
mean,0.054113885599999925,0.0002833914953835583,MBL
std,0.005876322595221193,0.003078383535256155,MBL
min,0.046138,-0.08519480519480517,MBL
25%,0.0490865,0.000150168672232315,MBL
50%,0.052953,0.0003373705436573258,MBL
75%,0.05998425,0.0006083542375238279,MBL
max,0.06612,0.01836784777150614,MBL
count,1250.0,1250.0,OBP
mean,0.020895168000000002,0.0005203385236230682,OBP
std,0.004259786730032889,0.0023873728739639845,OBP
min,0.015851,-0.016597276921345598,OBP
25%,0.017424000000000002,-0.00022933065326817483,OBP
50%,0.018754,0.00040444319941964507,OBP
75%,0.02531,0.0013988153802309516,OBP
max,0.03048,0.014497546992999247,OBP
count,1250.0,1250.0,OKD
mean,0.02741493199999999,0.0008839046732270351,OKD
std,0.00853938280439049,0.007350577011558137,OKD
min,0.015868,-0.061811469064490976,OKD
25%,0.021529,-0.0024805626608004313,OKD
50%,0.0252075,0.001109427983839793,OKD
75%,0.03356975,0.004670217145481182,OKD
max,0.049947000000000005,0.028932666862687605,OKD
count,1250.0,1250.0,OKT
mean,0.01959454239999996,0.0005912773254334623,OKT
std,0.004620437105841988,0.0004998973876908158,OKT
min,0.013367,-0.002274204028589825,OKT
25%,0.015329249999999999,0.00031563794674703755,OKT
50%,0.018432,0.0004305829937565664,OKT
75%,0.02432475,0.0007448407463891367,OKT
max,0.027989,0.003527049758532886,OKT
count,1250.0,1250.0,OSD
mean,1.4963221855999993,0.0006102767919312849,OSD
std,0.34618155814860274,0.0010753843374954563,OSD
min,1.029613,-0.015338477296892894,OSD
25%,1.1989044999999998,0.0003167848518300558,OSD
50%,1.378226,0.0005682155619244525,OSD
75%,1.826558,0.000903023005472168,OSD
max,2.20847,0.014763340692113266,OSD
count,1250.0,1250.0,OSL
mean,0.021049844799999985,0.0005335003840677502,OSL
std,0.0044012270666788965,0.0004701797416855862,OSL
min,0.015054,-0.0014532698571787144,OSL
25%,0.01703625,0.00027736175822701964,OSL
50%,0.019833,0.00038387992394123515,OSL
75%,0.0254885,0.0006412033764004235,OSL
max,0.029321,0.006970474123758808,OSL
count,1250.0,1250.0,OYL
mean,0.02244223520000001,0.0005108471202552952,OYL
std,0.004638700459292642,0.0003957304606754401,OYL
min,0.016249,-0.0001993686658913129,OYL
25%,0.018094500000000003,0.00025218868524163663,OYL
50%,0.021268000000000002,0.00036306121207704925,OYL
75%,0.027247,0.0006051504154285748,OYL
max,0.030772000000000008,0.003292103654235085,OYL
count,1250.0,1250.0,SKT
mean,0.016826429599999984,0.0004908499494104332,SKT
std,0.0033359165168585663,0.00047488487252777086,SKT
min,0.012393,-0.001445631678189955,SKT
25%,0.013739999999999999,0.00025731028499500987,SKT
50%,0.0159155,0.00036045779309087857,SKT
75%,0.020277499999999997,0.0006335380089288374,SKT
max,0.022891,0.003403254749087492,SKT
count,1250.0,1250.0,SLF
mean,1.4200778424000005,0.0005088608982389976,SLF
std,0.2922427171032569,0.0003965223630305732,SLF
min,1.038638,4.662282877496234e-05,SLF
25%,1.14936275,0.00026588962811476853,SLF
50%,1.3363995,0.0003279031208892363,SLF
75%,1.718958,0.0006183818617416601,SLF
max,1.962055,0.003154803159742959,SLF
count,1250.0,1250.0,ST1
mean,9.135451163999997,0.0009170415308790554,ST1
std,3.178817764432382,0.012963560479236042,ST1
min,5.761025,-0.105657556902772,ST1
25%,7.2332955,-0.004014745902997478,ST1
50%,7.926615499999999,0.0011866984736762583,ST1
75%,9.87244175,0.0070722192384909364,ST1
max,20.500763,0.07737803788679046,ST1
count,1250.0,1250.0,SUA
mean,0.04569933119999999,0.0007686297984335642,SUA
std,0.0136322662100446,0.00260919536707236,SUA
min,0.027905000000000003,-0.02115445944509409,SUA
25%,0.0322135,-0.00029162714921062913,SUA
50%,0.042887,0.0006867043526988766,SUA
75%,0.057584,0.0017470370938987621,SUA
max,0.073267,0.015544578396490462,SUA
count,1250.0,1250.0,SUB
mean,0.03252391520000006,0.00023479161503387575,SUB
std,0.003155813571719427,0.010147919210392306,SUB
min,0.026186,-0.2547926372870999,SUB
25%,0.03004425,0.00031590595469252296,SUB
50%,0.032322000000000004,0.00045671840045585977,SUB
75%,0.034802,0.00086877728920696,SUB
max,0.04087,0.0388204288054705,SUB
count,1250.0,1250.0,SUC
mean,1.5732101615999974,0.0007001825323787255,SUC
std,0.41442674940391866,0.0025560460016980716,SUC
min,1.0572469999999998,-0.01734060998417191,SUC
25%,1.2094045,0.00020642196811216908,SUC
50%,1.4437609999999999,0.0003868058562900745,SUC
75%,1.871537,0.0012650580145682731,SUC
max,2.547262,0.02555364799023719,SUC
count,1250.0,1250.0,TAU
mean,0.049654144000000046,-5.628097301182471e-05,TAU
std,0.006956119692429417,0.0193910197411381,TAU
min,0.034106,-0.10164090235652587,TAU
25%,0.044794,-0.0095099467477845,TAU
50%,0.0484225,-0.0003871604660780992,TAU
75%,0.0547565,0.010930401018253301,TAU
max,0.066103,0.08069557648176003,TAU
count,1250.0,1250.0,TBT
mean,16.6342025696,0.00042352442482545324,TBT
std,3.016643037758292,0.0025006878240316265,TBT
min,13.025176,-0.02560767219751164,TBT
25%,14.1964435,-0.00047692424165721875,TBT
50%,15.109486,0.0003452495974125692,TBT
75%,19.908927,0.0011527302984067674,TBT
max,22.196347,0.03065446512330741,TBT
count,1250.0,1250.0,TBV
mean,0.05460338399999995,0.0005328046206080892,TBV
std,0.011438242499235666,0.0007551519285851931,TBV
min,0.038669,-0.010099283993232868,TBV
25%,0.044181500000000005,0.00028034084959597833,TBV
50%,0.051791,0.0003886117523185921,TBV
75%,0.06641899999999999,0.000688875099824458,TBV
max,0.075284,0.008774964044493735,TBV
count,1250.0,1250.0,TCA
mean,0.03206859360000003,0.0008282669481752271,TCA
std,0.013992971178758517,0.011609352212893439,TCA
min,0.016083,-0.07123703679772565,TCA
25%,0.02061325,-0.005012801181632652,TCA
50%,0.0289955,0.0010431087570597708,TCA
75%,0.038112,0.00629098950428174,TCA
max,0.070328,0.1293584661435158,TCA
count,1250.0,1250.0,TCB
mean,0.033647430400000025,0.0005123506523464178,TCB
std,0.00709350998738345,0.0023776232444486876,TCB
min,0.024015,-0.050136675778385056,TCB
25%,0.027197000000000002,0.00026510998818642226,TCB
50%,0.030909,0.00035370103151379244,TCB
75%,0.04133625,0.0006303609285543578,TCB
max,0.045717,0.05767666114208224,TCB
count,1250.0,1250.0,TCD
mean,1.3470527416,0.0014801482533506537,TCD
std,0.9095071339601041,0.011728829598588444,TCD
min,0.711913,-0.09785751618274854,TCD
25%,0.82724675,-0.0006283544546335257,TCD
50%,0.9000919999999999,0.000505067115541873,TCD
75%,1.555237,0.0037442144064290515,TCD
max,4.937983,0.0791590077387353,TCD
count,1250.0,1250.0,TDG
mean,0.052082477600000024,0.0007710939562330156,TDG
std,0.01778126068838858,0.009172537846192479,TDG
min,0.027897,-0.057614345551499614,TDG
25%,0.036793,-0.0033856710035466875,TDG
50%,0.051861000000000004,0.00037138317781798514,TDG
75%,0.06284325,0.004555351162637796,TDG
max,0.094024,0.11393843868875322,TDG
count,1250.0,1250.0,TE3
mean,4.109187084799996,0.0005676433565588369,TE3
std,0.8935389447136932,0.0032789741169247256,TE3
min,2.840696,-0.03616450735743034,TE3
25%,3.3839090000000005,-0.00029255956631391337,TE3
50%,3.897026,0.000542676772854822,TE3
75%,4.947453,0.001632465208301721,TE3
max,5.796696,0.020787252715514813,TE3
count,1206.0,1206.0,TFF
mean,2.077042591210615,0.001852160685494227,TFF
std,0.8006169162129001,0.0315289037232251,TFF
min,0.959645,-0.09562347807882604,TFF
25%,1.3460945,-0.0047537149566754255,TFF
50%,2.018736,0.0011863693872569457,TFF
75%,2.5236862500000004,0.006510069399746419,TFF
max,4.019408,1.0,TFF
count,1250.0,1250.0,TGA
mean,0.0247809488,0.000623256599319697,TGA
std,0.006146972675637869,0.003284421769015742,TGA
min,0.016277,-0.03339889850511418,TGA
25%,0.019070499999999997,-0.0010241519358831052,TGA
50%,0.023381,0.0006355283801764551,TGA
75%,0.03099975,0.002377871799616074,TGA
max,0.035915,0.0387960372078953,TGA
count,1250.0,1250.0,TGE
mean,0.018569940799999997,0.0006790644617860394,TGE
std,0.00464104907969561,0.013069259827305372,TGE
min,0.009847,-0.09336492890995253,TGE
25%,0.0145425,-0.0062424512094535435,TGE
50%,0.0193935,0.0008725477876138765,TGE
75%,0.02221875,0.0069675508006703385,TGE
max,0.029211,0.1395364759850741,TGE
count,1250.0,1250.0,TGT
mean,0.017428676,0.00047060394711056136,TGT
std,0.0033094816085057215,0.00048784248682231314,TGT
min,0.012942,-0.005677253494724542,TGT
25%,0.014357,0.0002297135439495953,TGT
50%,0.016489499999999997,0.00033842583718636743,TGT
75%,0.020881999999999998,0.0006278570452576842,TGT
max,0.023306,0.0033163947579566487,TGT
count,1250.0,1250.0,TIE
mean,0.05211780320000003,0.0004075634596853228,TIE
std,0.007843251393344793,0.013287289662316511,TIE
min,0.037005,-0.08140932380289716,TIE
25%,0.047683500000000004,-0.0064241256214545486,TIE
50%,0.052967,0.0005779606416199968,TIE
75%,0.056614750000000005,0.008104934947095029,TIE
max,0.074339,0.051639945509797766,TIE
count,1250.0,1250.0,TIV
mean,8.481883969600004,0.0004644604299097796,TIV
std,1.611186772990064,0.0004274939767429625,TIV
min,6.320577,-0.0015836513180278032,TIV
25%,6.9849265,0.00022734095644970514,TIV
50%,8.0109025,0.0003255678873159698,TIV
75%,10.21051625,0.0005911190406008235,TIV
max,11.294836,0.003118119355337764,TIV
count,1250.0,1250.0,TI1
mean,218.67139215920014,0.0005228669731395877,TI1
std,46.297865470922204,0.00040982050837650943,TI1
min,156.569998,-0.0003200423833990218,TI1
25%,175.22118125,0.00026430386094436,TI1
50%,206.6267325,0.0003512353447258431,TI1
75%,266.8500285,0.0006313050319483178,TI1
max,300.998604,0.0037809876289605702,TI1
count,1250.0,1250.0,TI2
mean,53.46731739679996,0.0005204415519671436,TI2
std,9.328432820913209,0.01254825795768078,TI2
min,37.85772100000001,-0.0851439396911227,TI2
25%,47.251725750000006,-0.005707452836954638,TI2
50%,53.100224,0.0010618839099657143,TI2
75%,58.93986600000001,0.007773420001563196,TI2
max,84.73616899999998,0.056761902797830034,TI2
count,1250.0,1250.0,TI3
mean,61.65004430799989,0.0008382987562326858,TI3
std,17.707137012965404,0.013121830940283711,TI3
min,36.19970900000001,-0.08447191509431365,TI3
25%,53.4278365,-0.00580009240968149,TI3
50%,59.5847025,0.0013262393092339925,TI3
75%,66.42404775,0.008999088779060383,TI3
max,119.452408,0.0532485742260564,TI3
count,1250.0,1250.0,TI4
mean,65.20172358960009,0.0005133299220527126,TI4
std,13.884478460197172,0.0014542599193910883,TI4
min,47.844786,-0.010385012558215778,TI4
25%,52.655072249999996,-3.3906053684443064e-05,TI4
50%,60.129934500000005,0.0004675105234395044,TI4
75%,78.5580845,0.001088507875635095,TI4
max,91.018259,0.012412237524230223,TI4
count,1250.0,1250.0,TI6
mean,94.32475369120007,0.000414663547999847,TI6
std,16.30160027761378,0.0018572923376336463,TI6
min,73.262036,-0.014731660793700476,TI6
25%,80.79505925000001,-0.00019675651380413061,TI6
50%,86.588019,0.00035431164000932565,TI6
75%,113.5741755,0.0009450980387527551,TI6
max,123.153793,0.020676733840544432,TI6
count,1250.0,1250.0,TI7
mean,7.32182364879998,0.0005948407816030673,TI7
std,1.6638379460793578,0.003672914916138892,TI7
min,4.980736,-0.0270637077282751,TI7
25%,6.0719155,-0.0012166716156654528,TI7
50%,6.744326,0.0006712495109096126,TI7
75%,8.73067325,0.002474355378494457,TI7
max,10.693903,0.017036604108812924,TI7
count,1250.0,1250.0,TKF
mean,2.3762848168000033,0.0014411352702623224,TKF
std,1.395445964493575,0.011634096838743469,TKF
min,1.049087,-0.0925846941020514,TKF
25%,1.55075625,-0.003166169034225918,TKF
50%,1.8503924999999999,0.0018815168622200477,TKF
75%,2.6658435000000003,0.007230942732657717,TKF
max,7.135956,0.07692409020484632,TKF
count,1250.0,1250.0,TKM
mean,298.1764531320001,0.0005138806823314227,TKM
std,61.56310999952391,0.00040026543510824443,TKM
min,215.69704,-0.0013294426571736494,TKM
25%,240.98179750000003,0.000265515376301553,TKM
50%,281.578284,0.0003416237430487486,TKM
75%,361.91326225,0.0006203288632295838,TKM
max,410.02777,0.0034439027265699427,TKM
count,1250.0,1250.0,TLE
mean,1.9746541712000012,0.0008517701983349274,TLE
std,0.6523480863600329,0.009732697388684316,TLE
min,1.002077,-0.06510604200676401,TLE
25%,1.41568475,-0.0033603641172174734,TLE
50%,2.0048605000000004,0.0005316100593010492,TLE
75%,2.4039989999999998,0.0049588957139234,TLE
max,3.442561,0.12236655591495604,TLE
count,1250.0,1250.0,TLH
mean,1.4827320039999998,0.0006508843249213757,TLH
std,0.33666672362660904,0.014178383281177365,TLH
min,0.948146,-0.12047626270286688,TLH
25%,1.242785,-0.004912470755225575,TLH
50%,1.43037,0.0018126685418777318,TLH
75%,1.7260814999999998,0.007170993735408653,TLH
max,2.51803,0.0620222970493803,TLH
count,1250.0,1250.0,TMC
mean,0.022283661599999945,0.00038641323327807367,TMC
std,0.0033864852529104537,0.004648800826708528,TMC
min,0.017215,-0.030536040272169083,TMC
25%,0.019916749999999997,-0.0014566402756422995,TMC
50%,0.0211185,0.0004256040843968198,TMC
75%,0.02584975,0.0024547589535495527,TMC
max,0.028866000000000006,0.02271313005600489,TMC
count,1250.0,1250.0,TMG
mean,0.06669090319999996,0.0008881693144401665,TMG
std,0.023005270906481762,0.012287310324325673,TMG
min,0.033434,-0.07960555913573189,TMG
25%,0.0477505,-0.004791966861546737,TMG
50%,0.06570999999999999,0.0008750861138138574,TMG
75%,0.08088375,0.0064911912612424716,TMG
max,0.121032,0.12875605469587206,TMG
count,1250.0,1250.0,TNK
mean,5.237245655999998,0.00046843668894399145,TNK
std,1.0000097815861169,0.0004119403539989816,TNK
min,3.894730000000001,-0.0010294295503301234,TNK
25%,4.30492,0.000246303466658709,TNK
50%,4.9457535,0.00034286617029730414,TNK
75%,6.2934605,0.0006007901020904931,TNK
max,6.9946850000000005,0.0026814041246538147,TNK
count,1250.0,1250.0,TOT
mean,133.3034127704,0.0005439017968070182,TOT
std,29.43956438019084,0.0008799294840685889,TOT
min,94.343188,-0.01445941858680504,TOT
25%,106.95835449999998,0.00027184937982691163,TOT
50%,124.934483,0.0003730551656092583,TOT
75%,165.00748325,0.0006907979213127858,TOT
max,186.281173,0.01362533994451428,TOT
count,1250.0,1250.0,TPF
mean,1.5302194560000024,0.0005612868925888482,TPF
std,0.39650437213118284,0.010357659646652561,TPF
min,1.033939,-0.2778848580485383,TPF
25%,1.18459975,0.0002996093905899428,TPF
50%,1.3831975,0.0004140648184225127,TPF
75%,1.97668075,0.0006970901001077597,TPF
max,2.222342,0.17916192717133902,TPF
count,1130.0,1130.0,TPL
mean,1.7263960522123891,0.001669253055774569,TPL
std,0.5196670557653883,0.03093578127813993,TPL
min,0.989396,-0.059144716267587986,TPL
25%,1.2283677499999999,-0.002870019891186428,TPL
50%,1.704723,0.0006930890536272815,TPL
75%,2.1099895,0.00441358396178989,TPL
max,2.882696,1.0,TPL
count,1104.0,1104.0,TPV
mean,1.5253738451086953,0.0015903532865769385,TPV
std,0.3127863762674875,0.03040883231224924,TPV
min,0.941525,-0.025772665744866263,TPV
25%,1.3127537500000002,-0.0008084511505918711,TPV
50%,1.4087115,0.0008286525823804096,TPV
75%,1.789335,0.0026598333673402107,TPV
max,2.224352,1.0,TPV
count,1120.0,1120.0,TPZ
mean,1.9503507178571429,0.0018208764293832062,TPZ
std,0.72083182657755,0.031546239383858116,TPZ
min,0.987174,-0.06482605606591298,TPZ
25%,1.2509155,-0.003380484766327965,TPZ
50%,1.8378999999999999,0.0004972616766529697,TPZ
75%,2.4864414999999997,0.004726380896390104,TPZ
max,3.520087,1.0,TPZ
count,1250.0,1250.0,TSI
mean,0.031836336800000024,0.00046920190241225477,TSI
std,0.006097973392969739,0.00043580574873968857,TSI
min,0.023693,-0.0010380391106348708,TSI
25%,0.02618175,0.000231113702259757,TSI
50%,0.030008,0.000330889652049268,TSI
75%,0.03834725,0.000604594995039946,TSI
max,0.042591,0.003348855010524892,TSI
count,1250.0,1250.0,TTA
mean,0.026313761600000034,0.000823497214180013,TTA
std,0.011442406085994101,0.011641881849915894,TTA
min,0.013304,-0.07585330292721207,TTA
25%,0.01705475,-0.004835049922576347,TTA
50%,0.0237,0.001058431171684698,TTA
75%,0.0312095,0.006231094055112846,TTA
max,0.05763500000000001,0.1305592105263158,TTA
count,1250.0,1250.0,TTE
mean,0.05586043039999997,0.0011645097561977047,TTE
std,0.027496939840047824,0.01695278131753937,TTE
min,0.028393,-0.13120313876743522,TTE
25%,0.03785575000000001,-0.005831924684307814,TTE
50%,0.044686000000000003,0.0019013879135112827,TTE
75%,0.06122175000000002,0.009717204903153438,TTE
max,0.155838,0.08446843853820597,TTE
count,1250.0,1250.0,TUA
mean,0.057368532799999955,0.0008080333420429748,TUA
std,0.024733223623004594,0.011870670115333591,TUA
min,0.029212,-0.07822027767251187,TUA
25%,0.03741125,-0.005096887173965699,TUA
50%,0.051533499999999996,0.0009436903181661518,TUA
75%,0.0679105,0.0063189320370757515,TUA
max,0.124928,0.13017145267725316,TUA
count,1250.0,1250.0,TYH
mean,0.08512194159999992,0.000714067616332029,TYH
std,0.0202923085191562,0.012902277983378709,TYH
min,0.052488,-0.08110068672018578,TYH
25%,0.07418575,-0.005636214952217238,TYH
50%,0.08307500000000001,0.001453288527706765,TYH
75%,0.09385175000000001,0.008172910040958718,TYH
max,0.149633,0.05812588069516201,TYH
count,1250.0,1250.0,TZD
mean,0.13972843359999992,0.0006031510718621795,TZD
std,0.028587306179625915,0.013106050547579613,TZD
min,0.090443,-0.08833142156785721,TZD
25%,0.1254535,-0.005912762154086104,TZD
50%,0.1395725,0.0010024595974827506,TZD
75%,0.15529550000000003,0.008176058751855581,TZD
max,0.22313,0.05790828443164221,TZD
count,1250.0,1250.0,TZL
mean,0.0173993312,0.0005355702555614924,TZL
std,0.0037195337600592275,0.0004068182924631597,TZL
min,0.012368,4.516099896134219e-05,TZL
25%,0.013954000000000001,0.0002877697886414621,TZL
50%,0.0164215,0.00036541836356659746,TZL
75%,0.021231999999999997,0.0006350854444507226,TZL
max,0.024158,0.0034108904860519237,TZL
count,1250.0,1250.0,TZT
mean,0.023270665600000007,0.0005287944693838001,TZT
std,0.004963631321693302,0.0016585692543335919,TZT
min,0.016661000000000002,-0.01122663995302079,TZT
25%,0.0187725,5.223160013036689e-05,TZT
50%,0.0215575,0.00046357074174515993,TZT
75%,0.028457250000000003,0.0010276002796774093,TZT
max,0.032263,0.022187752899919037,TZT
count,1250.0,1250.0,TZV
mean,138.91696501120003,0.0004902669877657307,TZV
std,27.551488568435623,0.000418483875590079,TZV
min,102.104308,-0.0008638297982315815,TZV
25%,113.4450305,0.0002490236926849455,TZV
50%,130.9739715,0.0003331761681377505,TZV
75%,167.3409385,0.000638007890934933,TZV
max,188.452574,0.0032662868065137323,TZV
count,1250.0,1250.0,VKT
mean,0.017325678400000016,0.0005034936299067255,VKT
std,0.003530714367905116,0.00041350460560097267,VKT
min,0.012629,-0.0010511996042542452,VKT
25%,0.014084000000000003,0.00025806506163921617,VKT
50%,0.0162525,0.00036332532290222694,VKT
75%,0.020983,0.0006542960619338202,VKT
max,0.023698,0.002954755309325912,VKT
count,1250.0,1250.0,VK6
mean,7.997170834400001,-0.07861030160140076,VK6
std,15.138011361740531,2.797959708248674,VK6
min,0.403591,-98.92228518475387,VK6
25%,0.46579724999999994,0.0002674737590418225,VK6
50%,0.604554,0.00034570229895021173,VK6
75%,0.68843125,0.0006317703353096701,VK6
max,40.327735,0.0035384612219623228,VK6
count,1250.0,1250.0,YAK
mean,0.4361267608000004,0.0005007749511396813,YAK
std,0.07412158490537751,0.006747576108706777,YAK
min,0.329428,-0.044216144561501226,YAK
25%,0.3880465,-0.0024102979018973216,YAK
50%,0.42004949999999996,0.000732523953035966,YAK
75%,0.4794832500000001,0.004100749549293693,YAK
max,0.6402180000000001,0.02958886271973718,YAK
count,1250.0,1250.0,YAS
mean,0.9537125816000005,0.0006523813936413236,YAS
std,0.20202234371506203,0.011997559432457205,YAS
min,0.722845,-0.0789559010344202,YAS
25%,0.8151787500000001,-0.005272695125684447,YAS
50%,0.913193,0.0011434658633811732,YAS
75%,1.000801,0.007714824327755895,YAS
max,1.7998599999999998,0.049714803681591084,YAS
count,1250.0,1250.0,YAY
mean,61.91175408159999,0.0012969044581278065,YAY
std,31.67785127713015,0.01622016598561357,YAY
min,22.303189,-0.12329974164059684,YAY
25%,37.21739625,-0.005439098249765347,YAY
50%,57.641138999999995,0.0019346834317598466,YAY
75%,74.64849075,0.008590690257809909,YAY
max,143.285686,0.13377964206198562,YAY
count,1250.0,1250.0,YBE
mean,0.1339477111999999,0.0007843322567044599,YBE
std,0.04288411027179687,0.007457094192912402,YBE
min,0.075852,-0.050332904292002406,YBE
25%,0.09957425,-0.002718670006888443,YBE
50%,0.12670399999999998,0.0006297128129312433,YBE
75%,0.16337775000000002,0.0040565123093920154,YBE
max,0.229329,0.061012911384959276,YBE
count,1250.0,1250.0,YBS
mean,0.019473185599999998,0.0005074344159981757,YBS
std,0.003930422608200788,0.0004858497060722451,YBS
min,0.014134,-0.006185056902523465,YBS
25%,0.0159415,0.00027397260659607425,YBS
50%,0.01854,0.000366255733784759,YBS
75%,0.02344875,0.0006372737656745683,YBS
max,0.026653,0.003612684536818061,YBS
count,1250.0,1250.0,YDI
mean,0.020470978399999996,0.0008168866126860913,YDI
std,0.006121971913854608,0.01263128385731722,YDI
min,0.013044,-0.07666905958363228,YDI
25%,0.016456000000000002,-0.005282666003091401,YDI
50%,0.018905,0.001694769754620534,YDI
75%,0.021847250000000002,0.008347859006761382,YDI
max,0.042188,0.05183954426774283,YDI
count,1250.0,1250.0,YDK
mean,0.016989523199999995,0.000477706299829892,YDK
std,0.0032925915829521693,0.0004233921035532257,YDK
min,0.01258,-0.0009028272748872252,YDK
25%,0.013949999999999999,0.00023176942685472322,YDK
50%,0.016059999999999998,0.00033372268574757776,YDK
75%,0.02040475,0.0006260327196160186,YDK
max,0.022857,0.0037106622827618226,YDK
count,1250.0,1250.0,YEF
mean,0.06168766400000003,0.00040704850427083415,YEF
std,0.00935828749255646,0.013010768762914385,YEF
min,0.043716000000000005,-0.07628480592530475,YEF
25%,0.05690700000000001,-0.00637103180448663,YEF
50%,0.0627785,0.000571457482579439,YEF
75%,0.06700375000000001,0.007965569785715821,YEF
max,0.087389,0.0488490691257117,YEF
count,1250.0,1250.0,YFV
mean,0.014675945599999986,0.00047097704743569044,YFV
std,0.0029655940734374586,0.0008295437047936025,YFV
min,0.011007,-0.007497755953324,YFV
25%,0.012009750000000001,0.00016177961425237143,YFV
50%,0.0135035,0.000374349580741347,YFV
75%,0.017933,0.0007319748337095871,YFV
max,0.019837,0.004748280270286614,YFV
count,1250.0,1250.0,YHS
mean,1.2612105143999985,0.0005943546529118463,YHS
std,0.2548913735815796,0.012585606926353646,YHS
min,0.857554,-0.09020201384935203,YHS
25%,1.122205,-0.005500261462418794,YHS
50%,1.2431359999999998,0.0013304329857875478,YHS
75%,1.3743802500000002,0.00788305537555072,YHS
max,2.101555,0.06307822883978764,YHS
count,1250.0,1250.0,YHT
mean,0.061950592000000027,0.0004768854995556121,YHT
std,0.012091936315272991,0.00041055421336522895,YHT
min,0.045711,-0.0018362144988463183,YHT
25%,0.050749999999999997,0.00024282378180548317,YHT
50%,0.058624499999999996,0.00033352713088492434,YHT
75%,0.07468125,0.0006035151123807386,YHT
max,0.082966,0.003020168583421435,YHT
count,1250.0,1250.0,YKT
mean,0.03391601440000001,0.0008214490556873352,YKT
std,0.01485952478380225,0.011850354604397066,YKT
min,0.017156,-0.0745797101449275,YKT
25%,0.021886500000000003,-0.0050708678629802495,YKT
50%,0.030621000000000002,0.0008225839501674952,YKT
75%,0.04002975,0.0062169452623456025,YKT
max,0.07459500000000001,0.13099757930946615,YKT
count,1250.0,1250.0,YLB
mean,0.2365363568,0.0005226579393845302,YLB
std,0.04959662371165573,0.00039971462807341567,YLB
min,0.16965,-1.3799860621421524e-05,YLB
25%,0.19027225,0.000265015817857975,YLB
50%,0.22367399999999998,0.0003582962187452094,YLB
75%,0.287959,0.0006233077306239791,YLB
max,0.326049,0.003595610135685085,YLB
count,1250.0,1250.0,YOT
mean,5.999353100799999,0.0004836872992022245,YOT
std,1.2026455835633085,0.0018055331626551715,YOT
min,4.483526,-0.009687952541651348,YOT
25%,4.967627,-0.00019032658090727052,YOT
50%,5.39871,0.0003736758136925391,YOT
75%,7.303854749999999,0.0010288640480414185,YOT
max,8.213749,0.023533170877815437,YOT
count,1250.0,1250.0,YSU
mean,0.016041965600000006,0.0005044217365290569,YSU
std,0.0032133673247962033,0.002828911472284095,YSU
min,0.012116,-0.020253548158997856,YSU
25%,0.013254499999999999,-0.0004746055696227549,YSU
50%,0.0146495,0.0005561956649611736,YSU
75%,0.0192925,0.0016005556849091346,YSU
max,0.022841,0.0185914923714257,YSU
count,1250.0,1250.0,YTD
mean,0.04863962560000001,-inf,YTD
std,0.01744504217820938,,YTD
min,0.0,-inf,YTD
25%,0.03384925,-0.0037616864161645856,YTD
50%,0.0481535,0.0008308010537294853,YTD
75%,0.05949575,0.005049134071080697,YTD
max,0.090362,1.0,YTD
count,1250.0,1250.0,ZBD
mean,66.99289094479988,0.0005245184179613028,ZBD
std,13.306354138175864,0.004199375824574625,ZBD
min,48.007535,-0.04858566771755778,ZBD
25%,55.49517675,-0.0006398481840403123,ZBD
50%,63.13297800000001,0.000570160228280703,ZBD
75%,78.874843,0.001768093778674603,ZBD
max,93.588793,0.02820950780858585,ZBD
count,1250.0,1250.0,ZPC
mean,1.4587162120000017,0.0006276504944363998,ZPC
std,0.3739759629934135,0.003011785480832238,ZPC
min,1.013244,-0.02576005118420587,ZPC
25%,1.13069675,-0.0006051331261430025,ZPC
50%,1.370599,0.0006385246305275916,ZPC
75%,1.7460095,0.002017139255245737,ZPC
max,2.268391,0.02053197453723788,ZPC
count,1250.0,1250.0,ZPE
mean,1.4213628496000006,0.0009075059481747521,ZPE
std,0.5047732129663015,0.011567437404247476,ZPE
min,0.862675,-0.10144818469753693,ZPE
25%,1.136403,-0.0038487558342126934,ZPE
50%,1.2551305,0.0016574235241216882,ZPE
75%,1.4733685,0.0069959102511485995,ZPE
max,3.141571,0.059915422626649235,ZPE
count,1250.0,1250.0,ZPF
mean,1.8112713495999964,0.0007730657099127998,ZPF
std,0.639462731402885,0.00893573202369586,ZPF
min,0.953439,-0.06038197527121548,ZPF
25%,1.24360025,-0.0031325694243437984,ZPF
50%,1.8573065,0.000552867121460735,ZPF
75%,2.22833125,0.004322119060116987,ZPF
max,3.253418,0.1182030245962042,ZPF
count,1250.0,1250.0,ZPG
mean,1.4171212623999991,0.0004989967695472312,ZPG
std,0.3070773905661214,0.0008840251867538961,ZPG
min,1.01713,-0.006156032998226427,ZPG
25%,1.12078875,0.0001981306552295715,ZPG
50%,1.347297,0.00044263270870562174,ZPG
75%,1.7169175,0.000758060188328647,ZPG
max,1.915731,0.008873275116979069,ZPG
count,878.0,878.0,AHU
mean,1.380398888382688,0.001813892673014929,AHU
std,0.2502886457701784,0.033731832778853804,AHU
min,1.000205,-0.0074176053027733705,AHU
25%,1.13677425,0.0003613180281606875,AHU
50%,1.3713795,0.0005015597269298962,AHU
75%,1.613376,0.0008275533917415361,AHU
max,1.80975,1.0,AHU
count,942.0,942.0,DPT
mean,1.1069745828025475,0.001533306155218868,DPT
std,0.1667728700635439,0.03554082143340129,DPT
min,0.862626,-0.0760612225213295,DPT
25%,1.01351325,-0.006710071608813576,DPT
50%,1.075896,0.0015680034566102766,DPT
75%,1.1568637499999999,0.008376470484370015,DPT
max,1.768027,1.0,DPT
count,968.0,968.0,FCV
mean,1.3435737582644622,0.0016228073623139037,FCV
std,0.23714810760706204,0.03214894778686515,FCV
min,1.00026,-0.007649523572644809,FCV
25%,1.11174825,0.000125008753867463,FCV
50%,1.3289665,0.000534438916032811,FCV
75%,1.5461065,0.0010551560423392357,FCV
max,1.772053,1.0,FCV
count,798.0,798.0,HPV
mean,1.278073560150376,0.001796942903370542,HPV
std,0.1716212855075105,0.0353830225017526,HPV
min,1.000822,-0.0009057094451389066,HPV
25%,1.1087150000000001,0.0002800585275231233,HPV
50%,1.302213,0.0004275711007465716,HPV
75%,1.4370679999999998,0.0006060144467992629,HPV
max,1.544926,1.0,HPV
count,1014.0,1014.0,IPI
mean,1.3408559063116354,0.0015186146074202226,IPI
std,0.232222861257636,0.03139065867893109,IPI
min,1.000211,-0.0010540879473091157,IPI
25%,1.11663625,0.0002647792163545052,IPI
50%,1.332338,0.00038145432817565016,IPI
75%,1.574195,0.0006855009642709117,IPI
max,1.716603,1.0,IPI
count,886.0,886.0,KTV
mean,1.2888663171557568,0.0016492003861347136,KTV
std,0.18748205647553554,0.03358165430279365,KTV
min,1.0002,-0.0036504185100979408,KTV
25%,1.09904125,0.000280357872018842,KTV
50%,1.2951825000000001,0.0003959809985932108,KTV
75%,1.4663345,0.0005958089184922999,KTV
max,1.5866360000000002,1.0,KTV
count,937.0,937.0,MPF
mean,1.302823889007471,0.0015983543436604631,MPF
std,0.2072626414817127,0.03265401303957148,MPF
min,1.000259,-0.0010388170774398649,MPF
25%,1.095875,0.00026767359173680795,MPF
50%,1.298838,0.0004031165535517208,MPF
75%,1.49999,0.0006352982969212384,MPF
max,1.645676,1.0,MPF
count,947.0,947.0,MPK
mean,1.3109074857444556,0.0016187538531959715,MPK
std,0.22556331415034436,0.032484660867091765,MPK
min,1.0006959999999998,-0.002925803550071806,MPK
25%,1.082437,0.00024215654757500616,MPK
50%,1.300699,0.00048715120085728963,MPK
75%,1.5191775,0.0007644293401364269,MPK
max,1.705796,1.0,MPK
count,947.0,947.0,MPS
mean,1.2481101055966195,0.0021093310087873024,MPS
std,0.5018584059860423,0.03484494954683351,MPS
min,0.818998,-0.07908469273248925,MPS
25%,0.927683,-0.00390853971251451,MPS
50%,1.015865,0.0021083380901880506,MPS
75%,1.4072355,0.007994743592205762,MPS
max,2.927935,1.0,MPS
count,1018.0,1018.0,YAN
mean,1.448264327111986,-inf,YAN
std,0.3537818644737172,,YAN
min,0.0,-inf,YAN
25%,1.1478315000000001,-0.0014282006998968303,YAN
50%,1.3696795000000002,0.0009385612201157679,YAN
75%,1.6835575,0.0030639198959046365,YAN
max,2.273437,1.0,YAN
count,932.0,932.0,ZPK
mean,1.3175775665236045,0.001616573699963073,ZPK
std,0.21380950978743019,0.03274143595298915,ZPK
min,1.000256,-0.0011079011805997145,ZPK
25%,1.10419325,0.00026323927961289563,ZPK
50%,1.3129375,0.0004181336097365297,ZPK
75%,1.52544275,0.0006345963430962457,ZPK
max,1.6605310000000002,1.0,ZPK
count,611.0,611.0,ELZ
mean,1.2050601440261872,-inf,ELZ
std,0.6104648673341038,,ELZ
min,0.0,-inf,ELZ
25%,1.045099,-0.006390616385863803,ELZ
50%,1.470767,0.0012091356491905055,ELZ
75%,1.612984,0.008981062705500581,ELZ
max,2.008464,1.0,ELZ
count,781.0,781.0,APJ
mean,1.2694771830985918,0.0018754938134362277,APJ
std,0.17087637433757452,0.035851699105706014,APJ
min,0.990592,-0.01637224287038465,APJ
25%,1.12468,-0.00035219746647156326,APJ
50%,1.271241,0.0006389446522850537,APJ
75%,1.412103,0.0016818073162485473,APJ
max,1.596307,1.0,APJ
count,757.0,757.0,GAH
mean,1.3120726842800527,0.0019909992601886747,GAH
std,0.20759633118063084,0.03638434463792574,GAH
min,0.997698,-0.012817639253338372,GAH
25%,1.120605,-0.00027978024533475255,GAH
50%,1.316021,0.0006791136000334209,GAH
75%,1.499889,0.0016458441479857962,GAH
max,1.670982,1.0,GAH
count,609.0,609.0,GPG
mean,1.2856865533661734,0.0024005883387095282,GPG
std,0.17750595272176656,0.04076019794748141,GPG
min,0.967332,-0.02299239222316161,GPG
25%,1.13683,-0.0010878449911374086,GPG
50%,1.335972,0.0008626257878673522,GPG
75%,1.397375,0.002808015920391858,GPG
max,1.634168,1.0,GPG
count,699.0,699.0,IBB
mean,1.3280197582260378,0.0021774826472208894,IBB
std,0.21310893233538172,0.038056426821275434,IBB
min,0.978341,-0.02496650692674539,IBB
25%,1.1585044999999998,-0.0015030884270704828,IBB
50%,1.314694,0.0008667903715641152,IBB
75%,1.483311,0.0028683479208066924,IBB
max,1.7417939999999998,1.0,IBB
count,677.0,677.0,IPJ
mean,1.312757825701625,0.002617219738543752,IPJ
std,0.42144111856159905,0.04146090828145049,IPJ
min,0.902119,-0.08244870621693788,IPJ
25%,1.0262870000000002,-0.006702778314187621,IPJ
50%,1.131043,0.0016074870993018624,IPJ
75%,1.3978270000000002,0.009244862365697493,IPJ
max,2.517886,1.0,IPJ
count,752.0,752.0,KRF
mean,1.2965672513297872,0.002070184196006633,KRF
std,0.22530771030524013,0.03678317305027077,KRF
min,0.921878,-0.0518744504599638,KRF
25%,1.0751655,-0.0012685954957628405,KRF
50%,1.294201,0.000956614356354762,KRF
75%,1.467803,0.003021360382658274,KRF
max,1.7665369999999998,1.0,KRF
count,778.0,778.0,ODV
mean,1.627782537275066,0.0008708766856132086,ODV
std,0.31133951746913996,0.0053569156425366075,ODV
min,1.218986,-0.04652937546333803,ODV
25%,1.3937844999999998,-0.0007472084710586511,ODV
50%,1.560724,0.0008487691376282303,ODV
75%,1.7440940000000003,0.002659638107061402,ODV
max,2.468597,0.02422881447675049,ODV
count,785.0,785.0,OHB
mean,1.1379391197452218,0.0019302817917146407,OHB
std,0.230425923368798,0.038308126168939007,OHB
min,0.832239,-0.08494590835291149,OHB
25%,0.966139,-0.006389361578853555,OHB
50%,1.054923,0.0014707526832350064,OHB
75%,1.264983,0.008628798602597305,OHB
max,1.859078,1.0,OHB
count,742.0,742.0,OTF
mean,1.2360180323450147,0.0018565398479786371,OTF
std,0.1415700584345798,0.03669477330788101,OTF
min,0.993366,-0.002478441984122745,OTF
25%,1.1027572499999998,0.000253817508173711,OTF
50%,1.270054,0.00040156354720081576,OTF
75%,1.3620994999999998,0.0005747550389036515,OTF
max,1.453107,1.0,OTF
count,599.0,599.0,RBA
mean,1.2909943689482464,0.002374056312837205,RBA
std,0.3257131821370842,0.041988331193256186,RBA
min,0.8636459999999999,-0.0324335819753845,RBA
25%,1.0179055,-0.004980180270658807,RBA
50%,1.152166,0.0006720944034138496,RBA
75%,1.5535009999999998,0.006271317857014865,RBA
max,2.0227060000000003,1.0,RBA
count,599.0,599.0,RBH
mean,1.3964622454090148,0.0033663019413349136,RBH
std,0.5393904239683944,0.04277466247202989,RBH
min,0.894524,-0.09221822704148723,RBH
25%,0.9939045,-0.003564868342328825,RBH
50%,1.163929,0.002337512595922692,RBH
75%,1.6407005,0.008096261231202412,RBH
max,2.905221,1.0,RBH
count,599.0,599.0,RBK
mean,1.098297345575959,0.0020119251362206423,RBK
std,0.13192451093661603,0.04122453878730955,RBK
min,0.898864,-0.02980736670810128,RBK
25%,0.9900065,-0.002254608070285349,RBK
50%,1.044451,0.00031531826932491364,RBK
75%,1.207783,0.0027318256418644334,RBK
max,1.358451,1.0,RBK
count,599.0,599.0,RBT
mean,1.1986059599332233,0.0021642456258715525,RBT
std,0.09816246472268907,0.040841736732855086,RBT
min,1.0,-0.0017253499851824026,RBT
25%,1.110044,0.00021349357797005583,RBT
50%,1.230153,0.0004405480417638562,RBT
75%,1.2832374999999998,0.0006126603739276142,RBT
max,1.345186,1.0,RBT
count,598.0,598.0,RBV
mean,1.2108415100334449,0.002203225219329205,RBV
std,0.10314762215085692,0.040874189199736656,RBV
min,1.000369,-0.0019764510404842103,RBV
25%,1.122047,0.0002536060111653621,RBV
50%,1.2378939999999998,0.0004649719443650851,RBV
75%,1.29400925,0.0005729983402479368,RBV
max,1.374449,1.0,RBV
count,705.0,705.0,TPC
mean,1.2736522723404258,0.0020982951495155974,TPC
std,0.1958801912200709,0.037829396128822274,TPC
min,1.00071,-0.035877750721500734,TPC
25%,1.0908870000000002,-0.0005484267298177184,TPC
50%,1.251821,0.0007352404868087553,TPC
75%,1.373227,0.002098846533809315,TPC
max,1.65789,1.0,TPC
count,619.0,619.0,UPH
mean,1.4059159176090472,0.0030898541125787046,UPH
std,0.3791597940148198,0.04205846814704754,UPH
min,0.969518,-0.07918492199652702,UPH
25%,1.1289665,-0.004814232697155309,UPH
50%,1.281175,0.0027136011765598613,UPH
75%,1.5528214999999999,0.008304748326332883,UPH
max,2.6175770000000003,1.0,UPH
count,732.0,732.0,YAC
mean,1.3788696653005459,0.002217155959471635,YAC
std,0.2712621076828417,0.03742919884787947,YAC
min,0.991063,-0.04042114951401552,YAC
25%,1.1662227499999998,-0.0015114358638975297,YAC
50%,1.326398,0.0008531413893725368,YAC
75%,1.574522,0.003468782112834951,YAC
max,1.944836,1.0,YAC
count,456.0,456.0,AGC
mean,1.1511741447368422,0.0027067126926901617,AGC
std,0.15169163003742814,0.04725480666610628,AGC
min,0.949643,-0.03173146332431838,AGC
25%,1.01473175,-0.0027324499468522824,AGC
50%,1.090318,0.0006325967124066086,AGC
75%,1.2993465,0.003590552045257724,AGC
max,1.49834,1.0,AGC
count,313.0,313.0,GKF
mean,1.02310543769968,0.0031242787457419208,GKF
std,0.016976112793954373,0.05660414164514493,GKF
min,0.979667,-0.04453838604967154,GKF
25%,1.013156,-5.273962836141735e-05,GKF
50%,1.016107,0.00016693901574667643,GKF
75%,1.02778,0.00041044599829905047,GKF
max,1.056978,1.0,GKF
count,534.0,534.0,KZL
mean,1.4088728445692875,0.0027061936938723337,KZL
std,0.3357483989400724,0.04449386829432248,KZL
min,0.971172,-0.037281617558421784,KZL
25%,1.121925,-0.005081750906881558,KZL
50%,1.2833085,0.0009127231531343425,KZL
75%,1.7148067499999997,0.006888156461099719,KZL
max,2.1596330000000004,1.0,KZL
count,370.0,370.0,OKP
mean,1.0893081864864855,0.0031512344610543706,OKP
std,0.047219457117332934,0.051965203679616906,OKP
min,1.000492,-0.00043640973332234037,OKP
25%,1.0522745,0.00025128709820692734,OKP
50%,1.090439,0.00033988818767835907,OKP
75%,1.12434,0.0004958374816560857,OKP
max,1.181171,1.0,OKP
count,329.0,329.0,OPB
mean,1.1891575957446803,0.004250064282198185,OPB
std,0.14657592171553915,0.055358361739362,OPB
min,0.972529,-0.023888669629527983,OPB
25%,1.069617,-0.0008540351147045522,OPB
50%,1.166136,0.0016099478207628546,OPB
75%,1.276517,0.00414058571328196,OPB
max,1.497588,1.0,OPB
count,425.0,425.0,TLZ
mean,1.1561904870588227,0.0033438471778660037,TLZ
std,0.1472856925928072,0.0508079424718523,TLZ
min,0.870243,-0.08769154479427492,TLZ
25%,1.051307,-0.004676277919549611,TLZ
50%,1.132057,0.002055835873457509,TLZ
75%,1.22414,0.008814263780502749,TLZ
max,1.5818530000000002,1.0,TLZ
count,404.0,404.0,UPP
mean,1.104994054455445,0.0029458807095461637,UPP
std,0.05374691126911137,0.04972947733078602,UPP
min,1.002088,-8.155298882541313e-05,UPP
25%,1.063878,0.00026040488607791503,UPP
50%,1.105158,0.00035946247299870884,UPP
75%,1.1442355,0.0005226601982020165,UPP
max,1.21202,1.0,UPP
count,208.0,208.0,BGP
mean,1.0385467115384615,0.005234223770316982,BGP
std,0.026552030677429023,0.06930846947127788,BGP
min,1.000504,0.00014801686804150378,BGP
25%,1.01538525,0.00022136548822252302,BGP
50%,1.0333139999999998,0.0003516274501529968,BGP
75%,1.05950925,0.00043315866024927474,BGP
max,1.093355,1.0,BGP
count,40.0,40.0,FFD
mean,0.010134299999999997,0.025601639584122104,FFD
std,7.202748763048026e-05,0.15801682480138293,FFD
min,0.010013,0.00029588716835992365,FFD
25%,0.010077,0.0003938463605723998,FFD
50%,0.0101375,0.000397970366966478,FFD
75%,0.010198,0.0005215390273435032,FFD
max,0.010257,1.0,FFD
count,120.0,120.0,GGK
mean,0.9794464333333333,0.006843547390891071,GGK
std,0.0571479018842952,0.09207501182337338,GGK
min,0.84131,-0.051922355300758234,GGK
25%,0.9435565,-0.007540736355235079,GGK
50%,0.9850415,-0.0021374898974281455,GGK
75%,1.0125264999999999,0.006313481137512495,GGK
max,1.129732,1.0,GGK
count,68.0,68.0,GTZ
mean,0.9932178529411765,0.014067242348756481,GTZ
std,0.023558797799741293,0.12224344421611734,GTZ
min,0.948553,-0.05497659041439057,GTZ
25%,0.97804125,-0.008368629481176178,GTZ
50%,0.9909034999999999,-0.000287860939896711,GTZ
75%,1.0117032499999998,0.009538103432725346,GTZ
max,1.043399,1.0,GTZ
count,43.0,43.0,IDH
mean,1.1182509534883722,0.02872033144492829,IDH
std,0.09059768717245374,0.15216265476227783,IDH
min,0.992294,-0.04953997625334118,IDH
25%,1.035505,0.00029986160474275165,IDH
50%,1.127052,0.006470896800182045,IDH
75%,1.1932255,0.011096482869047285,IDH
max,1.2783799999999998,1.0,IDH
count,52.0,52.0,IDL
mean,1.016596923076923,0.019851868599284124,IDL
std,0.009747516509943108,0.13858777743846,IDL
min,1.0005190000000002,0.00033705523417876834,IDL
25%,1.00824075,0.0004329184557648308,IDL
50%,1.016667,0.00044152335134510544,IDL
75%,1.02473475,0.00047860514320396106,IDL
max,1.033375,1.0,IDL
count,240.0,240.0,IIH
mean,1.2270460208333325,0.006512946091165462,IIH
std,0.26058857234445754,0.06612472903744179,IIH
min,0.809009,-0.07341114794679973,IIH
25%,1.0944757500000002,-0.0036785097753809937,IIH
50%,1.1550485,0.00361651091206316,IIH
75%,1.3756769999999998,0.011316868108840701,IIH
max,1.7764779999999998,1.0,IIH
count,220.0,220.0,IOP
mean,1.0391899409090903,0.004953411573661574,IOP
std,0.026083338300456015,0.06739304430027532,IOP
min,1.000217,-0.0010023117680643325,IOP
25%,1.01750175,0.00021819127437172332,IOP
50%,1.0346125000000002,0.00034010103983118153,IOP
75%,1.05911425,0.0004379128815403895,IOP
max,1.09417,1.0,IOP
count,102.0,102.0,KKH
mean,1.0265405294117647,0.010347519050152885,KKH
std,0.016727379037952256,0.09896095885594935,KKH
min,1.000246,0.00019122267980655632,KKH
25%,1.0120440000000002,0.0003661639377750685,KKH
50%,1.02529,0.0003963513292263176,KKH
75%,1.04062375,0.0004611321739671962,KKH
max,1.057295,1.0,KKH
count,145.0,145.0,KPC
mean,1.1949150137931037,0.009642138616722477,KPC
std,0.1833893255270808,0.08374698340692494,KPC
min,0.917266,-0.05602518789533236,KPC
25%,1.012243,-0.0011550073239480335,KPC
50%,1.165984,0.00359362454424046,KPC
75%,1.352284,0.008879717265938022,KPC
max,1.505001,1.0,KPC
count,195.0,195.0,MKG
mean,1.131204615384615,0.0050624835141659195,MKG
std,0.09320064394041497,0.07265665743488194,MKG
min,0.964349,-0.04003017680186067,MKG
25%,1.0362925,-0.00623056108836067,MKG
50%,1.161798,-0.0002497795832205908,MKG
75%,1.1972725,0.00797293339982533,MKG
max,1.359115,1.0,MKG
count,177.0,177.0,MMH
mean,1.0907087118644072,0.006852104902439513,MMH
std,0.11758402825480481,0.07631905577980129,MMH
min,0.918011,-0.04764975583081258,MMH
25%,0.992473,-0.006489728279453994,MMH
50%,1.046232,0.002872714359969316,MMH
75%,1.203033,0.009801315461482092,MMH
max,1.313464,1.0,MMH
count,140.0,140.0,NNF
mean,1.1889641214285718,0.010523801247222306,NNF
std,0.21865917567437373,0.0851526544965462,NNF
min,0.850136,-0.054618702608072056,NNF
25%,1.004101,-0.0011970083437703935,NNF
50%,1.1619140000000001,0.004750988990620264,NNF
75%,1.3671060000000002,0.011216431218039996,NNF
max,1.6241370000000002,1.0,NNF
count,133.0,133.0,OGD
mean,0.9611689548872182,0.0060222006492287004,OGD
std,0.05546262620284159,0.087523803614878,OGD
min,0.823567,-0.033930388593008474,OGD
25%,0.926148,-0.0076955004265544785,OGD
50%,0.967822,-0.002406581625198699,OGD
75%,0.993489,0.006499432999034657,OGD
max,1.104431,1.0,OGD
count,282.0,282.0,OPH
mean,1.2531061347517725,0.005832723603345428,OPH
std,0.34872283775184143,0.06298789602422394,OPH
min,0.666609,-0.10482290746218306,OPH
25%,1.0567955,-0.004801504076380892,OPH
50%,1.1486785,0.003958139355322054,OPH
75%,1.4160985,0.01411856661496148,OPH
max,2.059773,1.0,OPH
count,282.0,282.0,OPI
mean,1.2788591737588644,0.005921506116001929,OPI
std,0.3290405387510509,0.061735596387725356,OPI
min,0.745624,-0.08813630761994964,OPI
25%,1.05315025,-0.003484734175386099,OPI
50%,1.194145,0.004110474354401427,OPI
75%,1.43254225,0.011138108809493114,OPI
max,2.06145,1.0,OPI
count,127.0,127.0,PPZ
mean,1.033284362204724,0.008447124687057387,PPZ
std,0.02226528433536013,0.08868510539387457,PPZ
min,0.999281,0.0002680508320039488,PPZ
25%,1.01343,0.00037050304855547247,PPZ
50%,1.030994,0.00043403527977042117,PPZ
75%,1.0521479999999999,0.000476648340897571,PPZ
max,1.074757,1.0,PPZ
count,163.0,163.0,VFK
mean,1.0283632024539873,0.006546816645373454,VFK
std,0.020077397603287323,0.07829420023997936,VFK
min,1.00016,-0.00012716692944533163,VFK
25%,1.0100259999999999,0.0002451101323236297,VFK
50%,1.025151,0.0003094524631542599,VFK
75%,1.043816,0.00042955728165552335,VFK
max,1.06963,1.0,VFK
count,196.0,196.0,YPV
mean,1.136395372448979,0.006184813915344196,YPV
std,0.08496225803713235,0.07153361578526013,YPV
min,0.996687,-0.02269563280759657,YPV
25%,1.0646390000000001,-0.0013800143775760665,YPV
50%,1.124671,0.0007922610419045608,YPV
75%,1.2269562500000002,0.0042612014897663066,YPV
max,1.276154,1.0,YPV
count,173.0,173.0,ZAY
mean,1.0293318034682075,0.006173703317887565,ZAY
std,0.01983487143592707,0.07600209342635053,ZAY
min,1.000126,-0.005435627399809996,ZAY
25%,1.011916,0.00022266518610426967,ZAY
50%,1.026618,0.0003389137909832203,ZAY
75%,1.04256,0.00043321961708260944,ZAY
max,1.070619,1.0,ZAY
count,202.0,202.0,ZDD
mean,1.0490160198019793,0.00547228561893301,ZDD
std,0.033820990459054366,0.07042772729954344,ZDD
min,0.99234,-0.014244487965603481,ZDD
25%,1.02415325,-0.0008725884779875434,ZDD
50%,1.0360955,0.0005272472705604497,ZDD
75%,1.0812959999999998,0.001943789161554272,ZDD
max,1.113035,1.0,ZDD
count,202.0,202.0,ZDZ
mean,1.0428315297029702,0.005426466782945996,ZDZ
std,0.041685404751007654,0.07049394988252644,ZDZ
min,0.986109,-0.01662262260842774,ZDZ
25%,1.00423175,-0.0018040316821293996,ZDZ
50%,1.0304630000000001,0.0007416823049755151,ZDZ
75%,1.08233575,0.002659374163154429,ZDZ
max,1.120766,1.0,ZDZ
count,14.0,14.0,FFH
mean,1.0022769285714284,0.07175103498874816,FFH
std,0.001499467826842672,0.2671727914822737,FFH
min,1.000282,-0.0027743742167091203,FFH
25%,1.00061175,-3.836761725667415e-05,FFH
50%,1.0028695,0.00017588968747021813,FFH
75%,1.00329375,0.0008689115981806687,FFH
max,1.004824,1.0,FFH
count,14.0,14.0,FFP
mean,0.9972283571428572,0.07065422358621794,FFP
std,0.004489154273736476,0.2674932657097182,FFP
min,0.988678,-0.0029888396424315395,FFP
25%,0.99505325,-0.0022054052077528172,FFP
50%,0.9985885,-0.0013810445990014584,FFP
75%,1.0001445,0.0008354368735328801,FFP
max,1.003536,1.0,FFP
count,10.0,10.0,GUM
mean,1.0011357000000003,0.09743513961427272,GUM
std,0.009366874909310331,0.31719011906319255,GUM
min,0.986049,-0.013885719675188594,GUM
25%,0.9983267499999999,-0.0033292487938884957,GUM
50%,0.999539,-0.002010095518407834,GUM
75%,1.0023852500000001,0.00274540652684683,GUM
max,1.017673,1.0,GUM
count,24.0,24.0,GZH
mean,0.9727908333333332,0.03795459721001711,GZH
std,0.02739111317430412,0.20552443496781705,GZH
min,0.901376,-0.04194365059642138,GZH
25%,0.9624367500000001,-0.011486724884073823,GZH
50%,0.9724645000000001,-0.0008729744474447454,GZH
75%,0.9933482499999999,0.008195748195885193,GZH
max,1.017729,1.0,GZH
count,24.0,24.0,GZR
mean,0.9658876249999998,0.04023998975199388,GZR
std,0.018675139789506502,0.2048518139699673,GZR
min,0.928122,-0.03794507475119605,GZR
25%,0.95754425,-0.006475361184163738,GZR
50%,0.9674765000000001,-0.0010486254377475221,GZR
75%,0.97529475,0.011607908796404193,GZR
max,1.006991,1.0,GZR
count,2.0,2.0,GZV
mean,0.9981990000000001,0.5009278109067326,GZV
std,0.0013109759723197963,0.7057946584189286,GZV
min,0.997272,0.0018556218134651015,GZV
25%,0.9977355,0.2513917163600988,GZV
50%,0.9981990000000001,0.5009278109067326,GZV
75%,0.9986625,0.7504639054533663,GZV
max,0.999126,1.0,GZV
count,15.0,15.0,HYV
mean,1.0044120666666667,0.06726058452441229,HYV
std,0.002722547952264746,0.2580348317170516,HYV
min,0.999964,0.00040490289773518747,HYV
25%,1.00237,0.0004182967137432192,HYV
50%,1.004282,0.0004240037901559831,HYV
75%,1.0066199999999998,0.0010765149244146251,HYV
max,1.008916,1.0,HYV
count,26.0,26.0,ICZ
mean,1.0837206923076925,0.042702601757745214,ICZ
std,0.036697204970154565,0.19613916079235835,ICZ
min,1.011292,-0.0719801995862717,ICZ
25%,1.0635310000000002,-0.0004260558835682186,ICZ
50%,1.083249,0.006323613342425937,ICZ
75%,1.1142547499999997,0.013612126097226621,ICZ
max,1.139551,1.0,ICZ
count,19.0,19.0,ITP
mean,0.9628123684210528,0.050901209878108616,ITP
std,0.008802205274251362,0.22994545385259826,ITP
min,0.947487,-0.016815000005146456,ITP
25%,0.958225,-0.005154967190010389,ITP
50%,0.962628,-0.0008753906702163892,ITP
75%,0.967059,0.0036608256788390383,ITP
max,0.98791,1.0,ITP
count,17.0,17.0,OFS
mean,0.9989515882352942,0.0587215222506913,OFS
std,0.0019934562654728492,0.24257204333578655,OFS
min,0.995536,-0.0032925597171103572,OFS
25%,0.997488,-0.0015519278057246626,OFS
50%,0.998743,-0.00017246289039777758,OFS
75%,1.000437,0.0021498737748365075,OFS
max,1.00204,1.0,OFS
count,17.0,17.0,OPL
mean,0.9991719411764706,0.05862550952926288,OPL
std,0.0018852588174634115,0.2425939485893438,OPL
min,0.996633,-0.003738875195024936,OPL
25%,0.997581,-0.0011260822040008525,OPL
50%,0.999135,-0.0006262829060722582,OPL
75%,1.000767,0.0017078384274664055,OPL
max,1.002967,1.0,OPL
count,23.0,23.0,PDD
mean,1.0071666956521739,0.04407769605231161,PDD
std,0.004173824509910014,0.20838404419627377,PDD
min,1.000412,0.00038773288891898536,PDD
25%,1.0035020000000001,0.00043516640282263616,PDD
50%,1.006787,0.0004382186263782908,PDD
75%,1.0105455,0.0008129641412055039,PDD
max,1.014306,1.0,PDD
count,19.0,19.0,TE4
mean,0.9999680526315791,0.05249236039267363,TE4
std,0.0024161461387388374,0.22945925632019162,TE4
min,0.994921,-0.005457719758654251,TE4
25%,0.99803,-0.0007984729669626775,TE4
50%,1.000199,-0.000177964585047587,TE4
75%,1.0020265,0.0013957773521723585,TE4
max,1.003522,1.0,TE4
count,29.0,29.0,YZG
mean,1.0204105517241375,0.034250149862109225,YZG
std,0.02134463671441713,0.1870650538243153,YZG
min,0.996894,-0.07710978051672854,YZG
25%,1.009763,-0.008960497379691474,YZG
50%,1.014708,0.002061123444715225,YZG
75%,1.025449,0.013282638946376792,YZG
max,1.108109,1.0,YZG
count,24.0,24.0,YZH
mean,0.9449064166666666,0.03793511440649407,YZH
std,0.027150907751526187,0.20571686805921907,YZH
min,0.903702,-0.047108449466748935,YZH
25%,0.9217124999999999,-0.015440955774112034,YZH
50%,0.9449805,-0.002994549358885626,YZH
75%,0.9622195,0.012157969215406007,YZH
max,1.002942,1.0,YZH
